{"content":[{"id":"73c2eb89","settings":{"layout":"full_width","background_background":"classic","background_color":"#1FA84C","margin":{"unit":"px","top":"-5","right":0,"bottom":"0","left":0,"isLinked":false},"padding":{"unit":"px","top":"0","right":"0","bottom":"0","left":"0","isLinked":false}},"elements":[{"id":"71086e6c","settings":{"_column_size":100,"_inline_size":null},"elements":[{"id":"11bc050c","settings":{"layout":"full_width","background_background":"classic","background_color":"#1FA84C","structure":"20","margin":{"unit":"px","top":"0","right":0,"bottom":"-9","left":0,"isLinked":false}},"elements":[{"id":"19889178","settings":{"_column_size":50,"_inline_size":21.592},"elements":[{"id":"47fc1efe","settings":{"social_icon_list":[{"social_icon":{"value":"fab fa-facebook","library":"fa-brands"},"_id":"ca1a3da","item_icon_color":"custom","item_icon_primary_color":"#1FA84C","item_icon_secondary_color":"#DDDDDD"},{"social_icon":{"value":"fab fa-twitter","library":"fa-brands"},"_id":"ed94260","item_icon_color":"custom","item_icon_primary_color":"#1FA84C","item_icon_secondary_color":"#DDDDDD"},{"social_icon":{"value":"fab fa-instagram","library":"fa-brands"},"_id":"7929992","item_icon_color":"custom","item_icon_primary_color":"#1FA84C","item_icon_secondary_color":"#DDDDDD"}],"shape":"circle","icon_size":{"unit":"px","size":18,"sizes":[]}},"elements":[],"isInner":false,"widgetType":"social-icons","elType":"widget"}],"isInner":true,"elType":"column"},{"id":"24e1e875","settings":{"_column_size":50,"_inline_size":78.362},"elements":[{"id":"4be9f7de","settings":{"text":"Acessar","align":"right","link":{"url":"http:\/\/localhost\/site_sema\/wp-login.php","is_external":"","nofollow":"","custom_attributes":""},"align_mobile":"center"},"elements":[],"isInner":false,"widgetType":"button","elType":"widget"}],"isInner":true,"elType":"column"}],"isInner":true,"elType":"section"}],"isInner":false,"elType":"column"}],"isInner":false,"elType":"section"},{"id":"1d7a0abd","settings":{"structure":"20","margin":{"unit":"px","top":"10","right":0,"bottom":"0","left":0,"isLinked":false}},"elements":[{"id":"4e8485c1","settings":{"_column_size":50,"_inline_size":25.62},"elements":[{"id":"1fb43468","settings":{"image":{"id":85,"url":"http:\/\/172.18.254.92\/wp-content\/uploads\/2021\/07\/cropped-LOGO.png","alt":"","source":"library"},"width":{"unit":"%","size":76,"sizes":[]},"link_to":"custom","link":{"url":"http:\/\/fmacbh.com.br\/","is_external":"","nofollow":"","custom_attributes":""},"width_mobile":{"unit":"%","size":57,"sizes":[]}},"elements":[],"isInner":false,"widgetType":"image","elType":"widget"}],"isInner":false,"elType":"column"},{"id":"74049d40","settings":{"_column_size":50,"_inline_size":74.38},"elements":[{"id":"90d7667","settings":{"menu":"menu-principal","navmenu_align":"right","menu_space_between":{"unit":"px","size":28,"sizes":[]},"menu_typography_typography":"custom","menu_typography_font_family":"Roboto","menu_typography_font_size":{"unit":"px","size":17,"sizes":[]},"menu_typography_font_weight":"600","color_menu_item":"#595858","color_menu_item_hover":"#1FA84C"},"elements":[],"isInner":false,"widgetType":"navigation-menu","elType":"widget"}],"isInner":false,"elType":"column"}],"isInner":false,"elType":"section"},{"id":"405a3ac5","settings":{"layout":"full_width","background_background":"slideshow","background_slideshow_background_position":"center center","background_overlay_background":"classic","background_overlay_color":"#000000","background_slideshow_gallery":[{"id":83,"url":"http:\/\/172.18.254.92\/wp-content\/uploads\/2021\/07\/news_interna_Lago003.jpg"}]},"elements":[{"id":"27f68ba7","settings":{"_column_size":100,"_inline_size":null},"elements":[{"id":"1873e59c","settings":[],"elements":[{"id":"53913175","settings":{"_column_size":100,"_inline_size":null},"elements":[{"id":"756c9591","settings":{"space":{"unit":"px","size":139,"sizes":[]}},"elements":[],"isInner":false,"widgetType":"spacer","elType":"widget"},{"id":"6ba3da6d","settings":{"title":"Comit\u00ea de Bacia Hidrogr\u00e1fica do Rio Itapecuru","align":"center","title_color":"#FFFFFF","typography_typography":"custom","typography_font_family":"Roboto","typography_font_size":{"unit":"px","size":49,"sizes":[]},"typography_font_weight":"600","typography_line_height":{"unit":"em","size":1.3,"sizes":[]},"_animation":"fadeInUp"},"elements":[],"isInner":false,"widgetType":"heading","elType":"widget"},{"id":"298e9f59","settings":{"space":{"unit":"px","size":222,"sizes":[]}},"elements":[],"isInner":false,"widgetType":"spacer","elType":"widget"}],"isInner":true,"elType":"column"}],"isInner":true,"elType":"section"}],"isInner":false,"elType":"column"}],"isInner":false,"elType":"section"},{"id":"4fc0d8a6","settings":{"structure":"30","margin":{"unit":"px","top":"-93","right":0,"bottom":"0","left":0,"isLinked":false},"animation":"fadeInUp"},"elements":[{"id":"733c53b7","settings":{"_column_size":33,"_inline_size":null,"background_background":"classic","background_color":"#E1B815"},"elements":[{"id":"54d67506","settings":{"space":{"unit":"px","size":83,"sizes":[]}},"elements":[],"isInner":false,"widgetType":"spacer","elType":"widget"},{"id":"403ac180","settings":{"selected_icon":{"value":"fas fa-water","library":"fa-solid"},"primary_color":"#FFFFFF","size":{"unit":"px","size":52,"sizes":[]},"link":{"url":"http:\/\/fmacbh.com.br\/?page_id=24&preview_id=24&preview_nonce=baa805796c&preview=true\/#componentes","is_external":"","nofollow":"","custom_attributes":""}},"elements":[],"isInner":false,"widgetType":"icon","elType":"widget"},{"id":"4b0ca871","settings":{"title":"CBH Itapecuru","align":"center","title_color":"#FFFFFF","typography_typography":"custom","typography_font_family":"Roboto","typography_font_weight":"600","link":{"url":"http:\/\/fmacbh.com.br\/?page_id=24&preview_id=24&preview_nonce=baa805796c&preview=true\/#componentes","is_external":"","nofollow":"","custom_attributes":""}},"elements":[],"isInner":false,"widgetType":"heading","elType":"widget"},{"id":"33fcf365","settings":{"space":{"unit":"px","size":74,"sizes":[]}},"elements":[],"isInner":false,"widgetType":"spacer","elType":"widget"}],"isInner":false,"elType":"column"},{"id":"4549cc14","settings":{"_column_size":33,"_inline_size":null,"background_background":"classic","background_color":"#A2CF55"},"elements":[{"id":"3778e619","settings":{"space":{"unit":"px","size":83,"sizes":[]}},"elements":[],"isInner":false,"widgetType":"spacer","elType":"widget"},{"id":"69c867b9","settings":{"selected_icon":{"value":"far fa-comment-dots","library":"fa-regular"},"primary_color":"#FFFFFF","size":{"unit":"px","size":52,"sizes":[]},"link":{"url":"http:\/\/fmacbh.com.br\/#noticias","is_external":"","nofollow":"","custom_attributes":""}},"elements":[],"isInner":false,"widgetType":"icon","elType":"widget"},{"id":"6156885b","settings":{"title":"Not\u00edcias","align":"center","title_color":"#FFFFFF","link":{"url":"http:\/\/fmacbh.com.br\/#noticias","is_external":"","nofollow":"","custom_attributes":""}},"elements":[],"isInner":false,"widgetType":"heading","elType":"widget"},{"id":"5bf77519","settings":{"space":{"unit":"px","size":74,"sizes":[]}},"elements":[],"isInner":false,"widgetType":"spacer","elType":"widget"}],"isInner":false,"elType":"column"},{"id":"4a440cc4","settings":{"_column_size":33,"_inline_size":null,"background_background":"classic","background_color":"#54C1C4"},"elements":[{"id":"1c7a64a2","settings":{"space":{"unit":"px","size":83,"sizes":[]}},"elements":[],"isInner":false,"widgetType":"spacer","elType":"widget"},{"id":"5b167d4b","settings":{"selected_icon":{"value":"far fa-calendar-alt","library":"fa-regular"},"primary_color":"#FFFFFF","size":{"unit":"px","size":52,"sizes":[]},"link":{"url":"http:\/\/fmacbh.com.br\/?page_id=30","is_external":"","nofollow":"","custom_attributes":""}},"elements":[],"isInner":false,"widgetType":"icon","elType":"widget"},{"id":"3457e96e","settings":{"title":"Calend\u00e1rio de Eventos","align":"center","title_color":"#FFFFFF","link":{"url":"http:\/\/fmacbh.com.br\/?page_id=30","is_external":"","nofollow":"","custom_attributes":""}},"elements":[],"isInner":false,"widgetType":"heading","elType":"widget"},{"id":"1c79a307","settings":{"space":{"unit":"px","size":74,"sizes":[]}},"elements":[],"isInner":false,"widgetType":"spacer","elType":"widget"}],"isInner":false,"elType":"column"}],"isInner":false,"elType":"section"},{"id":"389576bd","settings":[],"elements":[{"id":"7382a899","settings":{"_column_size":100,"_inline_size":null},"elements":[{"id":"4c60e72c","settings":[],"elements":[],"isInner":false,"widgetType":"spacer","elType":"widget"}],"isInner":false,"elType":"column"}],"isInner":false,"elType":"section"},{"id":"65d880eb","settings":{"structure":"20"},"elements":[{"id":"62a791c0","settings":{"_column_size":50,"_inline_size":47.26},"elements":[{"id":"5035b525","settings":[],"elements":[],"isInner":false,"widgetType":"spacer","elType":"widget"},{"id":"3c203485","settings":{"title":"CBH do Rio Itapecuru","title_color":"#606060","typography_typography":"custom","typography_font_family":"Roboto","typography_font_size":{"unit":"px","size":27,"sizes":[]},"typography_font_weight":"600","typography_text_transform":"uppercase","_margin":{"unit":"px","top":"0","right":"0","bottom":"0","left":"025","isLinked":false}},"elements":[],"isInner":false,"widgetType":"heading","elType":"widget"},{"id":"4f66d8ab","settings":{"text":"Divisor","color":"#1FA84C","weight":{"unit":"px","size":3.5,"sizes":[]},"_margin":{"unit":"px","top":"-31","right":"0","bottom":"0","left":"025","isLinked":false},"width":{"unit":"%","size":33,"sizes":[]}},"elements":[],"isInner":false,"widgetType":"divider","elType":"widget"},{"id":"6879dcd6","settings":{"editor":"<div class=\"container\">\n<div class=\"row\">\n<div class=\"col-sm\">\n<p>O Comit\u00ea de Bacia Hidrogr\u00e1fica do Rio Turia\u00e7u, previstos no Sistema de Gerenciamento de Recursos H\u00eddricos, \u00e9 respons\u00e1vel por debater as quest\u00f5es referentes \u00e0 gest\u00e3o das \u00e1guas da Bacia Hidrogr\u00e1fica do Rio Turia\u00e7u.<br><\/p>\n<p>Os Comit\u00eas promovem o debate das quest\u00f5es relacionadas aos recursos h\u00eddricos da bacia; articulam a atua\u00e7\u00e3o das entidades que trabalham com este tema; arbitram, em primeira inst\u00e2ncia, os conflitos relacionados a recursos h\u00eddricos; aprovam e acompanham a execu\u00e7\u00e3o do Plano de Recursos H\u00eddricos da Bacia.<\/p>\n<p>Os comit\u00eas s\u00e3o compostos por representantes do poder p\u00fablico, dos usu\u00e1rios das \u00e1guas e das organiza\u00e7\u00f5es da sociedade com a\u00e7\u00f5es na \u00e1rea de recursos h\u00eddricos.<\/p>\n<\/div>\n<\/div><\/div>","align":"justify","text_color":"#575656","typography_typography":"custom","typography_font_family":"Roboto","typography_font_size":{"unit":"px","size":18,"sizes":[]},"typography_font_weight":"400"},"elements":[],"isInner":false,"widgetType":"text-editor","elType":"widget"},{"id":"41649adb","settings":{"editor":""},"elements":[],"isInner":false,"widgetType":"text-editor","elType":"widget"}],"isInner":false,"elType":"column"},{"id":"515ff8f","settings":{"_column_size":50,"_inline_size":52.74},"elements":[{"id":"75289889","settings":{"image":{"url":"http:\/\/172.18.254.92\/wp-content\/uploads\/2021\/07\/a123.png","id":65,"alt":"","source":"library"}},"elements":[],"isInner":false,"widgetType":"image","elType":"widget"}],"isInner":false,"elType":"column"}],"isInner":false,"elType":"section"},{"id":"52aa6ec0","settings":[],"elements":[{"id":"5f4afc0d","settings":{"_column_size":100,"_inline_size":null},"elements":[{"id":"3fda2a9c","settings":{"space":{"unit":"px","size":10,"sizes":[]}},"elements":[],"isInner":false,"widgetType":"spacer","elType":"widget"},{"id":"558a751d","settings":{"structure":"20"},"elements":[{"id":"2d889b9c","settings":{"_column_size":50,"_inline_size":19.703},"elements":[{"id":"6cf1895d","settings":{"title":"Not\u00edcias","align":"left","title_color":"#383838","typography_typography":"custom","typography_font_family":"Roboto","typography_font_size":{"unit":"px","size":32,"sizes":[]},"typography_font_weight":"600","_margin":{"unit":"px","top":"0","right":"0","bottom":"0","left":"0","isLinked":false}},"elements":[],"isInner":false,"widgetType":"heading","elType":"widget"},{"id":"48debda2","settings":{"text":"Divisor","color":"#1FA84C","weight":{"unit":"px","size":3.5,"sizes":[]},"_margin":{"unit":"px","top":"-31","right":"0","bottom":"0","left":"0","isLinked":false}},"elements":[],"isInner":false,"widgetType":"divider","elType":"widget"}],"isInner":true,"elType":"column"},{"id":"5c80cc5d","settings":{"_column_size":50,"_inline_size":80.297},"elements":[],"isInner":true,"elType":"column"}],"isInner":true,"elType":"section"}],"isInner":false,"elType":"column"}],"isInner":false,"elType":"section"},{"id":"2858ed88","settings":{"margin":{"unit":"px","top":"-12","right":0,"bottom":"0","left":0,"isLinked":false}},"elements":[{"id":"53a16924","settings":{"_column_size":100,"_inline_size":null},"elements":[{"id":"51b6eab0","settings":{"show_load_more_text":"Load More","excerpt_expanison_indicator":"...","eael_read_more_text":"Read More"},"elements":[],"isInner":false,"widgetType":"eael-post-timeline","elType":"widget"}],"isInner":false,"elType":"column"}],"isInner":false,"elType":"section"},{"id":"68e26b05","settings":{"gap":"no","custom_height":{"unit":"px","size":800},"content_position":"middle","structure":"20","padding":{"unit":"px","top":"100","right":"0","bottom":"100","left":"0","isLinked":false},"padding_tablet":{"unit":"px","top":"100","right":"25","bottom":"100","left":"25","isLinked":false},"padding_mobile":{"unit":"px","top":"50","right":"20","bottom":"50","left":"20","isLinked":false},"background_background":"classic","background_color":"#F8F8F8"},"elements":[{"id":"3c07e500","settings":{"_column_size":50,"_inline_size":null},"elements":[{"id":"11559331","settings":{"thumbnail_size":"large","slides_to_show":"1","carousel":[{"id":84,"url":"http:\/\/172.18.254.92\/wp-content\/uploads\/2021\/07\/rio1-scaled.jpg"},{"id":78,"url":"http:\/\/172.18.254.92\/wp-content\/uploads\/2021\/07\/ImagemRio-1170x697-1.jpg"}]},"elements":[],"isInner":false,"widgetType":"image-carousel","elType":"widget"}],"isInner":false,"elType":"column"},{"id":"1d495445","settings":{"_column_size":50,"_inline_size":null,"padding":{"unit":"px","top":"0","right":"0","bottom":"0","left":"35","isLinked":false},"padding_mobile":{"unit":"px","top":"25","right":"0","bottom":"0","left":"0","isLinked":false}},"elements":[{"id":"68fbdf6b","settings":{"title":"Nossos eventos","header_size":"h4","title_color":"#000000","typography_typography":"custom","typography_font_size":{"unit":"px","size":45}},"elements":[],"isInner":false,"widgetType":"heading","elType":"widget"},{"id":"68c58a8","settings":{"editor":"<p>Os <strong>Comit\u00eas de Bacias Hidrogr\u00e1ficas (CBHs)<\/strong> s\u00e3o um destes \u00f3rg\u00e3os: f\u00f3runs em que um grupo de pessoas se re\u00fanem para discutir sobre um interesse comum \u2013 o uso d\u2019\u00e1gua em determinada <a href=\"https:\/\/pt.wikipedia.org\/wiki\/Bacia_hidrogr%C3%A1fica\" target=\"_blank\" rel=\"noopener nofollow external noreferrer\" data-wpel-link=\"external\">bacia hidrogr\u00e1fica<\/a>. Dada a diversidade de interesses em rela\u00e7\u00e3o ao uso da \u00e1gua, a distribui\u00e7\u00e3o desigual e o uso inadequado, h\u00e1 conflitos e riscos \u00e0 garantia desse recurso para as gera\u00e7\u00f5es presentes e futuras. Os Comit\u00eas surgem como uma forma de reverter esse quadro, ao permitirem a concilia\u00e7\u00e3o dos diferentes interesses e a constru\u00e7\u00e3o coletiva das solu\u00e7\u00f5es.<\/p>","text_color":"#1D1D1D","typography_typography":"custom","typography_font_size":{"unit":"px","size":16},"typography_font_weight":"300","typography_line_height":{"unit":"em","size":1.8}},"elements":[],"isInner":false,"widgetType":"text-editor","elType":"widget"},{"id":"6438378e","settings":{"text":"Saiba mais","align":"center","link":{"url":"http:\/\/localhost\/site_sema\/index.php\/evento\/","is_external":"","nofollow":"","custom_attributes":""}},"elements":[],"isInner":false,"widgetType":"button","elType":"widget"}],"isInner":false,"elType":"column"}],"isInner":false,"elType":"section"},{"id":"12ed400b","settings":[],"elements":[{"id":"42f4b8a2","settings":{"_column_size":100,"_inline_size":null},"elements":[{"id":"35713aca","settings":{"space":{"unit":"px","size":10,"sizes":[]}},"elements":[],"isInner":false,"widgetType":"spacer","elType":"widget"},{"id":"5ce810bb","settings":{"structure":"20"},"elements":[{"id":"210976f2","settings":{"_column_size":50,"_inline_size":19.703},"elements":[{"id":"5008c45a","settings":{"title":"Galeria","align":"left","title_color":"#383838","typography_typography":"custom","typography_font_family":"Roboto","typography_font_size":{"unit":"px","size":32,"sizes":[]},"typography_font_weight":"600","_margin":{"unit":"px","top":"0","right":"0","bottom":"0","left":"0","isLinked":false}},"elements":[],"isInner":false,"widgetType":"heading","elType":"widget"},{"id":"24ca725e","settings":{"text":"Divisor","color":"#1FA84C","weight":{"unit":"px","size":3.5,"sizes":[]},"_margin":{"unit":"px","top":"-31","right":"0","bottom":"0","left":"0","isLinked":false}},"elements":[],"isInner":false,"widgetType":"divider","elType":"widget"}],"isInner":true,"elType":"column"},{"id":"511c4614","settings":{"_column_size":50,"_inline_size":80.297},"elements":[],"isInner":true,"elType":"column"}],"isInner":true,"elType":"section"}],"isInner":false,"elType":"column"}],"isInner":false,"elType":"section"},{"id":"24ebb829","settings":[],"elements":[{"id":"7c96ea85","settings":{"_column_size":100,"_inline_size":null},"elements":[{"id":"12f533c5","settings":{"thumbnail_size":"medium","slides_to_show":"4","carousel":[{"id":84,"url":"http:\/\/172.18.254.92\/wp-content\/uploads\/2021\/07\/rio1-scaled.jpg"},{"id":76,"url":"http:\/\/172.18.254.92\/wp-content\/uploads\/2021\/07\/environmental-conservation-in-the-garden-for-children-scaled.jpg"},{"id":83,"url":"http:\/\/172.18.254.92\/wp-content\/uploads\/2021\/07\/news_interna_Lago003.jpg"}]},"elements":[],"isInner":false,"widgetType":"image-carousel","elType":"widget"}],"isInner":false,"elType":"column"}],"isInner":false,"elType":"section"},{"id":"51a7d5a9","settings":[],"elements":[{"id":"6465db5d","settings":{"_column_size":100,"_inline_size":null},"elements":[{"id":"7848d68d","settings":{"space":{"unit":"px","size":59,"sizes":[]}},"elements":[],"isInner":false,"widgetType":"spacer","elType":"widget"},{"id":"51ecf3ea","settings":{"title":"Siga nossa redes sociais","align":"center","title_color":"#4A4A4A","typography_typography":"custom","typography_font_family":"Roboto","typography_font_size":{"unit":"px","size":43,"sizes":[]},"typography_font_weight":"600"},"elements":[],"isInner":false,"widgetType":"heading","elType":"widget"},{"id":"172589c6","settings":{"space":{"unit":"px","size":10,"sizes":[]}},"elements":[],"isInner":false,"widgetType":"spacer","elType":"widget"}],"isInner":false,"elType":"column"}],"isInner":false,"elType":"section"},{"id":"4a475673","settings":[],"elements":[{"id":"13d77cff","settings":{"_column_size":100,"_inline_size":null},"elements":[{"id":"710ff48e","settings":{"social_icon_list":[{"social_icon":{"value":"fab fa-facebook","library":"fa-brands"},"_id":"f00f367"},{"social_icon":{"value":"fab fa-twitter","library":"fa-brands"},"_id":"ef78249"},{"social_icon":{"value":"fab fa-youtube","library":"fa-brands"},"_id":"c6ae361"},{"_id":"02402a5","social_icon":{"value":"fab fa-instagram","library":"fa-brands"},"item_icon_color":"custom","item_icon_primary_color":"#58A167"}],"shape":"circle"},"elements":[],"isInner":false,"widgetType":"social-icons","elType":"widget"}],"isInner":false,"elType":"column"}],"isInner":false,"elType":"section"},{"id":"289f7ce1","settings":[],"elements":[{"id":"2f4c6fc5","settings":{"_column_size":100,"_inline_size":null},"elements":[{"id":"24e15533","settings":{"space":{"unit":"px","size":92,"sizes":[]}},"elements":[],"isInner":false,"widgetType":"spacer","elType":"widget"}],"isInner":false,"elType":"column"}],"isInner":false,"elType":"section"},{"id":"113c77b8","settings":{"background_background":"classic","background_color":"#2C3448","layout":"full_width"},"elements":[{"id":"2df62d2d","settings":{"_column_size":100,"_inline_size":null},"elements":[{"id":"6b5f59f8","settings":{"space":{"unit":"px","size":10,"sizes":[]}},"elements":[],"isInner":false,"widgetType":"spacer","elType":"widget"},{"id":"12d99125","settings":{"structure":"30"},"elements":[{"id":"413d99ca","settings":{"_column_size":33,"_inline_size":null},"elements":[{"id":"316cff1a","settings":{"space":{"unit":"px","size":10,"sizes":[]}},"elements":[],"isInner":false,"widgetType":"spacer","elType":"widget"},{"id":"48bfe8d7","settings":{"image":{"url":"http:\/\/172.18.254.92\/wp-content\/uploads\/2021\/07\/logo8.png","id":81,"alt":"","source":"library"}},"elements":[],"isInner":false,"widgetType":"image","elType":"widget"},{"id":"5766d1b0","settings":{"space":{"unit":"px","size":53,"sizes":[]}},"elements":[],"isInner":false,"widgetType":"spacer","elType":"widget"}],"isInner":true,"elType":"column"},{"id":"3cd17b92","settings":{"_column_size":33,"_inline_size":null},"elements":[{"id":"217ebe30","settings":{"title":"Informa\u00e7\u00f5es","title_color":"#FFFFFF","typography_typography":"custom","typography_font_family":"Roboto","typography_font_size":{"unit":"px","size":23,"sizes":[]},"typography_font_weight":"600"},"elements":[],"isInner":false,"widgetType":"heading","elType":"widget"},{"id":"6aeadc70","settings":{"editor":"<p><strong>Endere\u00e7o:<\/strong><\/p><p>Endere\u00e7o Sede: Av. dos Holandeses, n\u00b0 04, Quadra 06, Edif\u00edcio Manhattan, Calhau S\u00e3o Lu\u00eds - Maranh\u00e3o CEP: 65071-380.<\/p>","text_color":"#FFFFFF"},"elements":[],"isInner":false,"widgetType":"text-editor","elType":"widget"}],"isInner":true,"elType":"column"},{"id":"29e8a440","settings":{"_column_size":33,"_inline_size":null},"elements":[{"id":"309f1c8b","settings":{"space":{"unit":"px","size":27,"sizes":[]}},"elements":[],"isInner":false,"widgetType":"spacer","elType":"widget"},{"id":"766c9075","settings":{"editor":"<p><strong>Entre em contato:<\/strong><\/p>","align":"center","text_color":"#FFFFFF","_margin":{"unit":"px","top":"-7","right":"0","bottom":"0","left":"0","isLinked":false}},"elements":[],"isInner":false,"widgetType":"text-editor","elType":"widget"},{"id":"4329ef5d","settings":{"social_icon_list":[{"social_icon":{"value":"fab fa-facebook","library":"fa-brands"},"_id":"ca1a3da","item_icon_color":"custom","item_icon_primary_color":"#1FA84C","item_icon_secondary_color":"#DDDDDD"},{"social_icon":{"value":"fab fa-twitter","library":"fa-brands"},"_id":"ed94260","item_icon_color":"custom","item_icon_primary_color":"#1FA84C","item_icon_secondary_color":"#DDDDDD"},{"social_icon":{"value":"fab fa-instagram","library":"fa-brands"},"_id":"7929992","item_icon_color":"custom","item_icon_primary_color":"#1FA84C","item_icon_secondary_color":"#DDDDDD"}],"shape":"circle","icon_size":{"unit":"px","size":18,"sizes":[]}},"elements":[],"isInner":false,"widgetType":"social-icons","elType":"widget"}],"isInner":true,"elType":"column"}],"isInner":true,"elType":"section"}],"isInner":false,"elType":"column"}],"isInner":false,"elType":"section"},{"id":"6f7f21ee","settings":{"background_background":"classic","background_color":"#313B52"},"elements":[{"id":"72369169","settings":{"_column_size":100,"_inline_size":null},"elements":[{"id":"274e6be7","settings":{"editor":"<p>Todos os direitos reservados | F\u00f3rum Maranhense de Comit\u00eas de Bacias Hidrogr\u00e1ficas | 2021<\/p>","align":"center","text_color":"#FFFFFF78","typography_typography":"custom","typography_font_family":"Roboto","typography_font_size_mobile":{"unit":"px","size":10,"sizes":[]},"typography_font_weight":"300","_margin":{"unit":"px","top":"0","right":"0","bottom":"-17","left":"0","isLinked":false},"typography_font_size":{"unit":"px","size":11,"sizes":[]}},"elements":[],"isInner":false,"widgetType":"text-editor","elType":"widget"}],"isInner":false,"elType":"column"}],"isInner":false,"elType":"section"}],"page_settings":{"eael_ext_toc_title":"Table of Contents"},"version":"0.4","title":"cbh_modelo","type":"page"}