{"content":[{"id":"3d914f01","settings":{"layout":"full_width","background_background":"classic","background_color":"#1FA84C","margin":{"unit":"px","top":"-5","right":0,"bottom":"0","left":0,"isLinked":false},"padding":{"unit":"px","top":"0","right":"0","bottom":"0","left":"0","isLinked":false}},"elements":[{"id":"4e70279","settings":{"_column_size":100,"_inline_size":null},"elements":[{"id":"49814dee","settings":{"layout":"full_width","background_background":"classic","background_color":"#1FA84C","structure":"20","margin":{"unit":"px","top":"0","right":0,"bottom":"-9","left":0,"isLinked":false}},"elements":[{"id":"60d13fcf","settings":{"_column_size":50,"_inline_size":21.592},"elements":[{"id":"3719f708","settings":{"social_icon_list":[{"social_icon":{"value":"fab fa-facebook","library":"fa-brands"},"_id":"ca1a3da","item_icon_color":"custom","item_icon_primary_color":"#1FA84C","item_icon_secondary_color":"#DDDDDD"},{"social_icon":{"value":"fab fa-twitter","library":"fa-brands"},"_id":"ed94260","item_icon_color":"custom","item_icon_primary_color":"#1FA84C","item_icon_secondary_color":"#DDDDDD"},{"social_icon":{"value":"fab fa-instagram","library":"fa-brands"},"_id":"7929992","item_icon_color":"custom","item_icon_primary_color":"#1FA84C","item_icon_secondary_color":"#DDDDDD"}],"shape":"circle","icon_size":{"unit":"px","size":18,"sizes":[]}},"elements":[],"isInner":false,"widgetType":"social-icons","elType":"widget"}],"isInner":true,"elType":"column"},{"id":"3c25b057","settings":{"_column_size":50,"_inline_size":78.362},"elements":[{"id":"31f66f00","settings":{"text":"Acessar","align":"right","link":{"url":"http:\/\/localhost\/site_sema\/wp-login.php","is_external":"","nofollow":"","custom_attributes":""},"align_mobile":"center"},"elements":[],"isInner":false,"widgetType":"button","elType":"widget"}],"isInner":true,"elType":"column"}],"isInner":true,"elType":"section"}],"isInner":false,"elType":"column"}],"isInner":false,"elType":"section"},{"id":"41c8743f","settings":{"structure":"20","margin":{"unit":"px","top":"10","right":0,"bottom":"0","left":0,"isLinked":false}},"elements":[{"id":"142033de","settings":{"_column_size":50,"_inline_size":25.62},"elements":[{"id":"7c460fd4","settings":{"image":{"id":85,"url":"http:\/\/172.18.254.92\/wp-content\/uploads\/2021\/07\/cropped-LOGO.png","alt":"","source":"library"},"width":{"unit":"%","size":76,"sizes":[]},"link_to":"custom","link":{"url":"http:\/\/fmacbh.com.br\/","is_external":"","nofollow":"","custom_attributes":""},"width_mobile":{"unit":"%","size":57,"sizes":[]}},"elements":[],"isInner":false,"widgetType":"image","elType":"widget"}],"isInner":false,"elType":"column"},{"id":"a996526","settings":{"_column_size":50,"_inline_size":74.38},"elements":[{"id":"7d292452","settings":{"menu":"menu-principal","navmenu_align":"right","menu_space_between":{"unit":"px","size":28,"sizes":[]},"menu_typography_typography":"custom","menu_typography_font_family":"Roboto","menu_typography_font_size":{"unit":"px","size":17,"sizes":[]},"menu_typography_font_weight":"600","color_menu_item":"#595858","color_menu_item_hover":"#1FA84C"},"elements":[],"isInner":false,"widgetType":"navigation-menu","elType":"widget"}],"isInner":false,"elType":"column"}],"isInner":false,"elType":"section"},{"id":"7cbc372c","settings":{"layout":"full_width","background_background":"slideshow","background_slideshow_gallery":[{"id":83,"url":"http:\/\/172.18.254.92\/wp-content\/uploads\/2021\/07\/news_interna_Lago003.jpg"}],"background_slideshow_background_position":"center center","background_overlay_background":"classic","background_overlay_color":"#000000"},"elements":[{"id":"22bd4619","settings":{"_column_size":100,"_inline_size":null},"elements":[{"id":"1b4771ce","settings":[],"elements":[{"id":"34f5fcb6","settings":{"_column_size":100,"_inline_size":null},"elements":[{"id":"21801809","settings":{"space":{"unit":"px","size":139,"sizes":[]}},"elements":[],"isInner":false,"widgetType":"spacer","elType":"widget"},{"id":"5058086f","settings":{"title":"F\u00f3rum Maranhense de Comit\u00eas de Bacias Hidrogr\u00e1ficas - FMACBHs","align":"center","title_color":"#FFFFFF","typography_typography":"custom","typography_font_family":"Roboto","typography_font_size":{"unit":"px","size":49,"sizes":[]},"typography_font_weight":"600","typography_line_height":{"unit":"em","size":1.3,"sizes":[]},"_animation":"fadeInUp","typography_font_size_mobile":{"unit":"px","size":26,"sizes":[]}},"elements":[],"isInner":false,"widgetType":"heading","elType":"widget"},{"id":"74e17315","settings":{"space":{"unit":"px","size":222,"sizes":[]}},"elements":[],"isInner":false,"widgetType":"spacer","elType":"widget"}],"isInner":true,"elType":"column"}],"isInner":true,"elType":"section"}],"isInner":false,"elType":"column"}],"isInner":false,"elType":"section"},{"id":"78ccad38","settings":{"structure":"30","margin":{"unit":"px","top":"-93","right":0,"bottom":"0","left":0,"isLinked":false},"animation":"fadeInUp"},"elements":[{"id":"6ea04b3d","settings":{"_column_size":33,"_inline_size":null,"background_background":"classic","background_color":"#E1B815"},"elements":[{"id":"48feb876","settings":{"space":{"unit":"px","size":83,"sizes":[]}},"elements":[],"isInner":false,"widgetType":"spacer","elType":"widget"},{"id":"5b275f38","settings":{"selected_icon":{"value":"fas fa-water","library":"fa-solid"},"primary_color":"#FFFFFF","size":{"unit":"px","size":52,"sizes":[]},"link":{"url":"http:\/\/fmacbh.com.br\/?page_id=24&preview_id=24&preview_nonce=baa805796c&preview=true\/#componentes","is_external":"","nofollow":"","custom_attributes":""}},"elements":[],"isInner":false,"widgetType":"icon","elType":"widget"},{"id":"f2cf58e","settings":{"title":"Bacias Hidrogr\u00e1ficas do MA","align":"center","title_color":"#FFFFFF","typography_typography":"custom","typography_font_family":"Roboto","typography_font_weight":"600","link":{"url":"http:\/\/fmacbh.com.br\/?page_id=24&preview_id=24&preview_nonce=baa805796c&preview=true\/#componentes","is_external":"","nofollow":"","custom_attributes":""}},"elements":[],"isInner":false,"widgetType":"heading","elType":"widget"},{"id":"5ddf4d1c","settings":{"space":{"unit":"px","size":74,"sizes":[]}},"elements":[],"isInner":false,"widgetType":"spacer","elType":"widget"}],"isInner":false,"elType":"column"},{"id":"458e0663","settings":{"_column_size":33,"_inline_size":null,"background_background":"classic","background_color":"#A2CF55"},"elements":[{"id":"29b4d8e5","settings":{"space":{"unit":"px","size":83,"sizes":[]}},"elements":[],"isInner":false,"widgetType":"spacer","elType":"widget"},{"id":"2eba8568","settings":{"selected_icon":{"value":"far fa-comment-dots","library":"fa-regular"},"primary_color":"#FFFFFF","size":{"unit":"px","size":52,"sizes":[]},"link":{"url":"http:\/\/fmacbh.com.br\/#noticias","is_external":"","nofollow":"","custom_attributes":""}},"elements":[],"isInner":false,"widgetType":"icon","elType":"widget"},{"id":"7c7ecf63","settings":{"title":"Not\u00edcias","align":"center","title_color":"#FFFFFF","link":{"url":"http:\/\/fmacbh.com.br\/#noticias","is_external":"","nofollow":"","custom_attributes":""}},"elements":[],"isInner":false,"widgetType":"heading","elType":"widget"},{"id":"58fbd60f","settings":{"space":{"unit":"px","size":74,"sizes":[]}},"elements":[],"isInner":false,"widgetType":"spacer","elType":"widget"}],"isInner":false,"elType":"column"},{"id":"2911d279","settings":{"_column_size":33,"_inline_size":null,"background_background":"classic","background_color":"#54C1C4"},"elements":[{"id":"22d24f3b","settings":{"space":{"unit":"px","size":83,"sizes":[]}},"elements":[],"isInner":false,"widgetType":"spacer","elType":"widget"},{"id":"31832e21","settings":{"selected_icon":{"value":"far fa-calendar-alt","library":"fa-regular"},"primary_color":"#FFFFFF","size":{"unit":"px","size":52,"sizes":[]},"link":{"url":"http:\/\/fmacbh.com.br\/?page_id=30","is_external":"","nofollow":"","custom_attributes":""}},"elements":[],"isInner":false,"widgetType":"icon","elType":"widget"},{"id":"34d041f1","settings":{"title":"Calend\u00e1rio de Eventos","align":"center","title_color":"#FFFFFF","link":{"url":"http:\/\/fmacbh.com.br\/?page_id=30","is_external":"","nofollow":"","custom_attributes":""}},"elements":[],"isInner":false,"widgetType":"heading","elType":"widget"},{"id":"5de1552a","settings":{"space":{"unit":"px","size":74,"sizes":[]}},"elements":[],"isInner":false,"widgetType":"spacer","elType":"widget"}],"isInner":false,"elType":"column"}],"isInner":false,"elType":"section"},{"id":"3a66a02","settings":[],"elements":[{"id":"33cea2e8","settings":{"_column_size":100,"_inline_size":null},"elements":[{"id":"1b7d71fc","settings":{"space":{"unit":"px","size":74,"sizes":[]}},"elements":[],"isInner":false,"widgetType":"spacer","elType":"widget"}],"isInner":false,"elType":"column"}],"isInner":false,"elType":"section"},{"id":"2c26207e","settings":[],"elements":[{"id":"475dca4b","settings":{"_column_size":100,"_inline_size":null},"elements":[{"id":"27a94e3","settings":{"title":"COMIT\u00caS DE BACIAS HIDROGR\u00c1FICAS - MA","align":"center","title_color":"#3C3C3C","typography_typography":"custom","typography_font_family":"Roboto","typography_font_size":{"unit":"px","size":35,"sizes":[]},"typography_font_weight":"600","_margin":{"unit":"px","top":"0","right":"0","bottom":"0","left":"025","isLinked":false},"typography_font_size_mobile":{"unit":"px","size":25,"sizes":[]},"typography_line_height_mobile":{"unit":"em","size":1.2,"sizes":[]}},"elements":[],"isInner":false,"widgetType":"heading","elType":"widget"},{"id":"5c2ea465","settings":{"space":{"unit":"px","size":26,"sizes":[]}},"elements":[],"isInner":false,"widgetType":"spacer","elType":"widget"}],"isInner":false,"elType":"column"}],"isInner":false,"elType":"section"},{"id":"4aade98f","settings":{"structure":"20"},"elements":[{"id":"9a61940","settings":{"_column_size":50,"_inline_size":47.26},"elements":[{"id":"54b4257e","settings":{"space_mobile":{"unit":"px","size":27,"sizes":[]}},"elements":[],"isInner":false,"widgetType":"spacer","elType":"widget"},{"id":"683680c9","settings":{"title":"O que s\u00e3o?","title_color":"#606060","typography_typography":"custom","typography_font_family":"Roboto","typography_font_size":{"unit":"px","size":27,"sizes":[]},"typography_font_weight":"600","typography_text_transform":"uppercase","_margin":{"unit":"px","top":"0","right":"0","bottom":"0","left":"025","isLinked":false}},"elements":[],"isInner":false,"widgetType":"heading","elType":"widget"},{"id":"692c7897","settings":{"text":"Divisor","color":"#1FA84C","weight":{"unit":"px","size":3.5,"sizes":[]},"_margin":{"unit":"px","top":"-31","right":"0","bottom":"0","left":"025","isLinked":false},"width":{"unit":"%","size":33,"sizes":[]}},"elements":[],"isInner":false,"widgetType":"divider","elType":"widget"},{"id":"101e0335","settings":{"editor":"<div class=\"container\"><div class=\"row\"><div class=\"col-sm\"><p>Os Comit\u00eas de Bacias Hidrogr\u00e1ficas, previstos no Sistema de Gerenciamento de Recursos H\u00eddricos, s\u00e3o \u00f3rg\u00e3os colegiados onde s\u00e3o debatidas as quest\u00f5es referentes \u00e0 gest\u00e3o das \u00e1guas.<\/p><p>Os Comit\u00eas promovem o debate das quest\u00f5es relacionadas aos recursos h\u00eddricos da bacia; articulam a atua\u00e7\u00e3o das entidades que trabalham com este tema; arbitram, em primeira inst\u00e2ncia, os conflitos relacionados a recursos h\u00eddricos; aprovam e acompanham a execu\u00e7\u00e3o do Plano de Recursos H\u00eddricos da Bacia.<\/p><p>Os comit\u00eas s\u00e3o compostos por representantes do poder p\u00fablico, dos usu\u00e1rios das \u00e1guas e das organiza\u00e7\u00f5es da sociedade com a\u00e7\u00f5es na \u00e1rea de recursos h\u00eddricos.<\/p><\/div><\/div><\/div>","align":"justify","text_color":"#575656","typography_typography":"custom","typography_font_family":"Roboto","typography_font_size":{"unit":"px","size":18,"sizes":[]},"typography_font_weight":"400","text_columns_mobile":"1","typography_font_size_mobile":{"unit":"px","size":17,"sizes":[]}},"elements":[],"isInner":false,"widgetType":"text-editor","elType":"widget"},{"id":"6aa1da67","settings":{"editor":""},"elements":[],"isInner":false,"widgetType":"text-editor","elType":"widget"}],"isInner":false,"elType":"column"},{"id":"6c30bf5d","settings":{"_column_size":50,"_inline_size":52.74},"elements":[{"id":"3097113a","settings":{"image":{"id":65,"url":"http:\/\/172.18.254.92\/wp-content\/uploads\/2021\/07\/a123.png","alt":"","source":"library"}},"elements":[],"isInner":false,"widgetType":"image","elType":"widget"}],"isInner":false,"elType":"column"}],"isInner":false,"elType":"section"},{"id":"377e8f4f","settings":{"_element_id":"noticias"},"elements":[{"id":"68129ce3","settings":{"_column_size":100,"_inline_size":null},"elements":[{"id":"3b0a80ac","settings":{"space":{"unit":"px","size":10,"sizes":[]}},"elements":[],"isInner":false,"widgetType":"spacer","elType":"widget"},{"id":"39a90586","settings":{"structure":"20"},"elements":[{"id":"4c65d02","settings":{"_column_size":50,"_inline_size":19.703},"elements":[{"id":"67c3bb46","settings":{"title":"Not\u00edcias","align":"left","title_color":"#383838","typography_typography":"custom","typography_font_family":"Roboto","typography_font_size":{"unit":"px","size":32,"sizes":[]},"typography_font_weight":"600","_margin":{"unit":"px","top":"0","right":"0","bottom":"0","left":"0","isLinked":false}},"elements":[],"isInner":false,"widgetType":"heading","elType":"widget"},{"id":"3a7bf364","settings":{"text":"Divisor","color":"#1FA84C","weight":{"unit":"px","size":3.5,"sizes":[]},"_margin":{"unit":"px","top":"-31","right":"0","bottom":"0","left":"0","isLinked":false}},"elements":[],"isInner":false,"widgetType":"divider","elType":"widget"}],"isInner":true,"elType":"column"},{"id":"2fc1b3ea","settings":{"_column_size":50,"_inline_size":80.297},"elements":[],"isInner":true,"elType":"column"}],"isInner":true,"elType":"section"}],"isInner":false,"elType":"column"}],"isInner":false,"elType":"section"},{"id":"2ff3ede0","settings":{"margin":{"unit":"px","top":"-12","right":0,"bottom":"0","left":0,"isLinked":false}},"elements":[{"id":"ff17d35","settings":{"_column_size":100,"_inline_size":null},"elements":[{"id":"1e545b3d","settings":{"show_load_more_text":"Load More","excerpt_expanison_indicator":"...","eael_read_more_text":"Read More"},"elements":[],"isInner":false,"widgetType":"eael-post-timeline","elType":"widget"}],"isInner":false,"elType":"column"}],"isInner":false,"elType":"section"},{"id":"14785859","settings":{"gap":"no","custom_height":{"unit":"px","size":800},"content_position":"middle","structure":"20","padding":{"unit":"px","top":"100","right":"0","bottom":"100","left":"0","isLinked":false},"padding_tablet":{"unit":"px","top":"100","right":"25","bottom":"100","left":"25","isLinked":false},"padding_mobile":{"unit":"px","top":"50","right":"20","bottom":"50","left":"20","isLinked":false},"background_background":"classic","background_color":"#F8F8F8"},"elements":[{"id":"7ecadba6","settings":{"_column_size":50,"_inline_size":null},"elements":[{"id":"516d843","settings":{"image":{"id":77,"url":"http:\/\/172.18.254.92\/wp-content\/uploads\/2021\/07\/group-of-happy-and-diverse-volunteers-scaled.jpg","alt":"","source":"library"},"image_size":"full"},"elements":[],"isInner":false,"widgetType":"image","elType":"widget"}],"isInner":false,"elType":"column"},{"id":"5bf6e7c7","settings":{"_column_size":50,"_inline_size":null,"padding":{"unit":"px","top":"0","right":"0","bottom":"0","left":"35","isLinked":false},"padding_mobile":{"unit":"px","top":"25","right":"0","bottom":"0","left":"0","isLinked":false}},"elements":[{"id":"475302a2","settings":{"title":"O que fazemos?","header_size":"h4","title_color":"#383838","typography_typography":"custom","typography_font_size":{"unit":"px","size":45},"_animation":"fadeInRight","animation_duration":"slow","align_mobile":"center","typography_font_size_mobile":{"unit":"px","size":34,"sizes":[]}},"elements":[],"isInner":false,"widgetType":"heading","elType":"widget"},{"id":"7129ea95","settings":{"editor":"<p>Os Comit\u00eas promovem o debate das quest\u00f5es relacionadas aos recursos h\u00eddricos da bacia; articulam a atua\u00e7\u00e3o das entidades que trabalham com este tema; arbitram, em primeira inst\u00e2ncia, os conflitos relacionados a recursos h\u00eddricos; aprovam e acompanham a execu\u00e7\u00e3o do Plano de Recursos H\u00eddricos da Bacia.<\/p><p>Os comit\u00eas s\u00e3o compostos por representantes do poder p\u00fablico, dos usu\u00e1rios das \u00e1guas e das organiza\u00e7\u00f5es da sociedade com a\u00e7\u00f5es na \u00e1rea de recursos h\u00eddricos.<\/p>","text_color":"#1D1D1D","typography_typography":"custom","typography_font_size":{"unit":"px","size":16},"typography_font_weight":"300","typography_line_height":{"unit":"em","size":1.8},"_animation":"fadeInRight","animation_duration":"slow"},"elements":[],"isInner":false,"widgetType":"text-editor","elType":"widget"},{"id":"4feb68a1","settings":{"text":"Saiba mais","link":{"url":"localhost\/site_sema\/index.php\/sobre-nos\/","is_external":"","nofollow":"","custom_attributes":""},"align":"center"},"elements":[],"isInner":false,"widgetType":"button","elType":"widget"}],"isInner":false,"elType":"column"}],"isInner":false,"elType":"section"},{"id":"71ec16f5","settings":[],"elements":[{"id":"118ca37e","settings":{"_column_size":100,"_inline_size":null},"elements":[{"id":"6d620b54","settings":{"space":{"unit":"px","size":10,"sizes":[]}},"elements":[],"isInner":false,"widgetType":"spacer","elType":"widget"},{"id":"5856646","settings":{"structure":"20"},"elements":[{"id":"572011da","settings":{"_column_size":50,"_inline_size":19.703},"elements":[{"id":"6d2a24d","settings":{"title":"Servi\u00e7os","align":"left","title_color":"#383838","typography_typography":"custom","typography_font_family":"Roboto","typography_font_size":{"unit":"px","size":32,"sizes":[]},"typography_font_weight":"600","_margin":{"unit":"px","top":"0","right":"0","bottom":"0","left":"0","isLinked":false}},"elements":[],"isInner":false,"widgetType":"heading","elType":"widget"},{"id":"37888c9d","settings":{"text":"Divisor","color":"#1FA84C","weight":{"unit":"px","size":3.5,"sizes":[]},"_margin":{"unit":"px","top":"-31","right":"0","bottom":"0","left":"0","isLinked":false}},"elements":[],"isInner":false,"widgetType":"divider","elType":"widget"}],"isInner":true,"elType":"column"},{"id":"67a92b2d","settings":{"_column_size":50,"_inline_size":80.297},"elements":[],"isInner":true,"elType":"column"}],"isInner":true,"elType":"section"}],"isInner":false,"elType":"column"}],"isInner":false,"elType":"section"},{"id":"4cd1d3dc","settings":{"animation":"none","animation_duration":"slow"},"elements":[{"id":"3ea33e30","settings":{"_column_size":100,"_inline_size":null},"elements":[{"id":"16c9ec10","settings":{"structure":"30"},"elements":[{"id":"50569acf","settings":{"_column_size":33,"_inline_size":null},"elements":[{"id":"72a3f4af","settings":{"image":{"id":76,"url":"http:\/\/172.18.254.92\/wp-content\/uploads\/2021\/07\/environmental-conservation-in-the-garden-for-children-scaled.jpg","alt":"","source":"library"}},"elements":[],"isInner":false,"widgetType":"image","elType":"widget"},{"id":"3920d97e","settings":{"title":"Cuidando do meio ambiente","align":"center","title_color":"#353535","typography_typography":"custom","typography_font_family":"Roboto","typography_font_size":{"unit":"px","size":25,"sizes":[]},"typography_font_weight":"600"},"elements":[],"isInner":false,"widgetType":"heading","elType":"widget"},{"id":"38dbf7c7","settings":{"editor":"<p>Aqui temos algumas informa\u00e7\u00f5es sobre o servi\u00e7o. Aqui temos algumas informa\u00e7\u00f5es sobre o servi\u00e7o. Aqui temos algumas informa\u00e7\u00f5es sobre o servi\u00e7o<\/p>","align":"justify","text_color":"#5B5959","_margin":{"unit":"px","top":"-10","right":"0","bottom":"0","left":"0","isLinked":false}},"elements":[],"isInner":false,"widgetType":"text-editor","elType":"widget"},{"id":"54cb642c","settings":{"text":"Saiba mais","link":{"url":"localhost\/site_sema\/index.php\/sobre-nos\/","is_external":"","nofollow":"","custom_attributes":""},"align":"center","_margin":{"unit":"px","top":"-23","right":"0","bottom":"0","left":"0","isLinked":false}},"elements":[],"isInner":false,"widgetType":"button","elType":"widget"}],"isInner":true,"elType":"column"},{"id":"713cc47c","settings":{"_column_size":33,"_inline_size":null},"elements":[{"id":"2897b884","settings":{"image":{"id":66,"url":"http:\/\/172.18.254.92\/wp-content\/uploads\/2021\/07\/barco-scaled.jpg","alt":"","source":"library"}},"elements":[],"isInner":false,"widgetType":"image","elType":"widget"},{"id":"169392fa","settings":{"title":"Cuidando do meio ambiente","align":"center","title_color":"#353535","typography_typography":"custom","typography_font_family":"Roboto","typography_font_size":{"unit":"px","size":25,"sizes":[]},"typography_font_weight":"600"},"elements":[],"isInner":false,"widgetType":"heading","elType":"widget"},{"id":"5ea4ab6","settings":{"editor":"<p>Aqui temos algumas informa\u00e7\u00f5es sobre o servi\u00e7o. Aqui temos algumas informa\u00e7\u00f5es sobre o servi\u00e7o. Aqui temos algumas informa\u00e7\u00f5es sobre o servi\u00e7o<\/p>","align":"justify","text_color":"#5B5959","_margin":{"unit":"px","top":"-10","right":"0","bottom":"0","left":"0","isLinked":false}},"elements":[],"isInner":false,"widgetType":"text-editor","elType":"widget"},{"id":"120645e4","settings":{"text":"Saiba mais","link":{"url":"localhost\/site_sema\/index.php\/sobre-nos\/","is_external":"","nofollow":"","custom_attributes":""},"align":"center","_margin":{"unit":"px","top":"-23","right":"0","bottom":"0","left":"0","isLinked":false}},"elements":[],"isInner":false,"widgetType":"button","elType":"widget"}],"isInner":true,"elType":"column"},{"id":"2976b00e","settings":{"_column_size":33,"_inline_size":null},"elements":[{"id":"224e8b04","settings":{"image":{"id":78,"url":"http:\/\/172.18.254.92\/wp-content\/uploads\/2021\/07\/ImagemRio-1170x697-1.jpg","alt":"","source":"library"},"width":{"unit":"%","size":100,"sizes":[]},"height":{"unit":"px","size":239,"sizes":[]}},"elements":[],"isInner":false,"widgetType":"image","elType":"widget"},{"id":"3a4119a2","settings":{"title":"Cuidando do meio ambiente","align":"center","title_color":"#353535","typography_typography":"custom","typography_font_family":"Roboto","typography_font_size":{"unit":"px","size":25,"sizes":[]},"typography_font_weight":"600"},"elements":[],"isInner":false,"widgetType":"heading","elType":"widget"},{"id":"6ea6cb71","settings":{"editor":"<p>Aqui temos algumas informa\u00e7\u00f5es sobre o servi\u00e7o. Aqui temos algumas informa\u00e7\u00f5es sobre o servi\u00e7o. Aqui temos algumas informa\u00e7\u00f5es sobre o servi\u00e7o<\/p>","align":"justify","text_color":"#5B5959","_margin":{"unit":"px","top":"-10","right":"0","bottom":"0","left":"0","isLinked":false}},"elements":[],"isInner":false,"widgetType":"text-editor","elType":"widget"},{"id":"30e0c03","settings":{"text":"Saiba mais","link":{"url":"localhost\/site_sema\/index.php\/sobre-nos\/","is_external":"","nofollow":"","custom_attributes":""},"align":"center","_margin":{"unit":"px","top":"-23","right":"0","bottom":"0","left":"0","isLinked":false}},"elements":[],"isInner":false,"widgetType":"button","elType":"widget"}],"isInner":true,"elType":"column"}],"isInner":true,"elType":"section"}],"isInner":false,"elType":"column"}],"isInner":false,"elType":"section"},{"id":"4f009f4f","settings":[],"elements":[{"id":"62d371f7","settings":{"_column_size":100,"_inline_size":null},"elements":[{"id":"35064762","settings":{"space":{"unit":"px","size":14,"sizes":[]}},"elements":[],"isInner":false,"widgetType":"spacer","elType":"widget"}],"isInner":false,"elType":"column"}],"isInner":false,"elType":"section"},{"id":"720b9a37","settings":[],"elements":[{"id":"6a7c5ac5","settings":{"_column_size":100,"_inline_size":null},"elements":[{"id":"7f258c3e","settings":{"space":{"unit":"px","size":10,"sizes":[]}},"elements":[],"isInner":false,"widgetType":"spacer","elType":"widget"},{"id":"5ea8e1be","settings":{"structure":"20"},"elements":[{"id":"45ea8768","settings":{"_column_size":50,"_inline_size":19.703},"elements":[{"id":"7851df60","settings":{"title":"Galeria","align":"left","title_color":"#383838","typography_typography":"custom","typography_font_family":"Roboto","typography_font_size":{"unit":"px","size":32,"sizes":[]},"typography_font_weight":"600","_margin":{"unit":"px","top":"0","right":"0","bottom":"0","left":"0","isLinked":false}},"elements":[],"isInner":false,"widgetType":"heading","elType":"widget"},{"id":"50f5a277","settings":{"text":"Divisor","color":"#1FA84C","weight":{"unit":"px","size":3.5,"sizes":[]},"_margin":{"unit":"px","top":"-31","right":"0","bottom":"0","left":"0","isLinked":false}},"elements":[],"isInner":false,"widgetType":"divider","elType":"widget"}],"isInner":true,"elType":"column"},{"id":"be4f01","settings":{"_column_size":50,"_inline_size":80.297},"elements":[],"isInner":true,"elType":"column"}],"isInner":true,"elType":"section"}],"isInner":false,"elType":"column"}],"isInner":false,"elType":"section"},{"id":"a89557f","settings":[],"elements":[{"id":"674e17c6","settings":{"_column_size":100,"_inline_size":null},"elements":[{"id":"4027d8f6","settings":{"thumbnail_size":"medium","slides_to_show":"4","carousel":[{"id":76,"url":"http:\/\/fmacbh.com.br\/wp-content\/uploads\/2021\/07\/environmental-conservation-in-the-garden-for-children-scaled.jpg"},{"id":66,"url":"http:\/\/fmacbh.com.br\/wp-content\/uploads\/2021\/07\/barco-scaled.jpg"},{"id":83,"url":"http:\/\/fmacbh.com.br\/wp-content\/uploads\/2021\/07\/news_interna_Lago003.jpg"},{"id":77,"url":"http:\/\/fmacbh.com.br\/wp-content\/uploads\/2021\/07\/group-of-happy-and-diverse-volunteers-scaled.jpg"}]},"elements":[],"isInner":false,"widgetType":"image-carousel","elType":"widget"},{"id":"532fbafa","settings":[],"elements":[],"isInner":false,"widgetType":"spacer","elType":"widget"}],"isInner":false,"elType":"column"}],"isInner":false,"elType":"section"},{"id":"3388f753","settings":{"background_background":"classic","background_color":"#F8F8F8"},"elements":[{"id":"75e84c93","settings":{"_column_size":100,"_inline_size":null},"elements":[{"id":"174a7d28","settings":{"space":{"unit":"px","size":63,"sizes":[]}},"elements":[],"isInner":false,"widgetType":"spacer","elType":"widget"},{"id":"3061573","settings":{"title":"Siga nossas redes sociais","align":"center","title_color":"#4A4A4A","typography_typography":"custom","typography_font_family":"Roboto","typography_font_size":{"unit":"px","size":43,"sizes":[]},"typography_font_weight":"600"},"elements":[],"isInner":false,"widgetType":"heading","elType":"widget"},{"id":"598adcd6","settings":{"space":{"unit":"px","size":10,"sizes":[]}},"elements":[],"isInner":false,"widgetType":"spacer","elType":"widget"}],"isInner":false,"elType":"column"}],"isInner":false,"elType":"section"},{"id":"4028a683","settings":{"background_background":"classic","background_color":"#F8F8F8"},"elements":[{"id":"6a34b433","settings":{"_column_size":100,"_inline_size":null},"elements":[{"id":"17964083","settings":{"social_icon_list":[{"social_icon":{"value":"fab fa-facebook","library":"fa-brands"},"_id":"f00f367"},{"social_icon":{"value":"fab fa-twitter","library":"fa-brands"},"_id":"ef78249"},{"social_icon":{"value":"fab fa-youtube","library":"fa-brands"},"_id":"c6ae361"},{"_id":"02402a5","social_icon":{"value":"fab fa-instagram","library":"fa-brands"},"item_icon_color":"custom","item_icon_primary_color":"#58A167"}],"shape":"circle"},"elements":[],"isInner":false,"widgetType":"social-icons","elType":"widget"},{"id":"3110761a","settings":{"space":{"unit":"px","size":54,"sizes":[]},"space_mobile":{"unit":"px","size":78,"sizes":[]}},"elements":[],"isInner":false,"widgetType":"spacer","elType":"widget"}],"isInner":false,"elType":"column"}],"isInner":false,"elType":"section"},{"id":"37330125","settings":{"background_background":"classic","background_color":"#2C3448","layout":"full_width"},"elements":[{"id":"2df43751","settings":{"_column_size":100,"_inline_size":null},"elements":[{"id":"21ad0bf3","settings":{"space":{"unit":"px","size":37,"sizes":[]}},"elements":[],"isInner":false,"widgetType":"spacer","elType":"widget"},{"id":"79d4f843","settings":{"structure":"30"},"elements":[{"id":"5352c94d","settings":{"_column_size":33,"_inline_size":null},"elements":[{"id":"1f3ae7aa","settings":{"space":{"unit":"px","size":10,"sizes":[]}},"elements":[],"isInner":false,"widgetType":"spacer","elType":"widget"},{"id":"1b843277","settings":{"image":{"id":81,"url":"http:\/\/172.18.254.92\/wp-content\/uploads\/2021\/07\/logo8.png","alt":"","source":"library"}},"elements":[],"isInner":false,"widgetType":"image","elType":"widget"},{"id":"35e6632b","settings":{"space":{"unit":"px","size":53,"sizes":[]}},"elements":[],"isInner":false,"widgetType":"spacer","elType":"widget"}],"isInner":true,"elType":"column"},{"id":"133cea3","settings":{"_column_size":33,"_inline_size":null},"elements":[{"id":"3ee0108b","settings":{"title":"Informa\u00e7\u00f5es","title_color":"#FFFFFF","typography_typography":"custom","typography_font_family":"Roboto","typography_font_size":{"unit":"px","size":23,"sizes":[]},"typography_font_weight":"600"},"elements":[],"isInner":false,"widgetType":"heading","elType":"widget"},{"id":"1e8dd410","settings":{"editor":"<p><strong>Endere\u00e7o:<\/strong><\/p><p>Endere\u00e7o Sede: Av. dos Holandeses, n\u00b0 04, Quadra 06, Edif\u00edcio Manhattan, Calhau S\u00e3o Lu\u00eds - Maranh\u00e3o CEP: 65071-380.<\/p>","text_color":"#FFFFFF"},"elements":[],"isInner":false,"widgetType":"text-editor","elType":"widget"}],"isInner":true,"elType":"column"},{"id":"260509ad","settings":{"_column_size":33,"_inline_size":null},"elements":[{"id":"5423fd26","settings":{"space":{"unit":"px","size":27,"sizes":[]}},"elements":[],"isInner":false,"widgetType":"spacer","elType":"widget"},{"id":"118004cf","settings":{"editor":"<p><strong>Entre em contato:<\/strong><\/p>","align":"center","text_color":"#FFFFFF","_margin":{"unit":"px","top":"-7","right":"0","bottom":"0","left":"0","isLinked":false}},"elements":[],"isInner":false,"widgetType":"text-editor","elType":"widget"},{"id":"47eec10f","settings":{"social_icon_list":[{"social_icon":{"value":"fab fa-facebook","library":"fa-brands"},"_id":"ca1a3da","item_icon_color":"custom","item_icon_primary_color":"#71717130","item_icon_secondary_color":"#DDDDDD"},{"social_icon":{"value":"fab fa-twitter","library":"fa-brands"},"_id":"ed94260","item_icon_color":"custom","item_icon_primary_color":"#71717130","item_icon_secondary_color":"#DDDDDD"},{"social_icon":{"value":"fab fa-instagram","library":"fa-brands"},"_id":"7929992","item_icon_color":"custom","item_icon_primary_color":"#71717130","item_icon_secondary_color":"#DDDDDD"}],"shape":"circle","icon_size":{"unit":"px","size":18,"sizes":[]}},"elements":[],"isInner":false,"widgetType":"social-icons","elType":"widget"}],"isInner":true,"elType":"column"}],"isInner":true,"elType":"section"}],"isInner":false,"elType":"column"}],"isInner":false,"elType":"section"},{"id":"4c760490","settings":{"background_background":"classic","background_color":"#313B52"},"elements":[{"id":"6fd3930","settings":{"_column_size":100,"_inline_size":null},"elements":[{"id":"15aba3b2","settings":{"editor":"<p>Todos os direitos reservados | F\u00f3rum Maranhense de Comit\u00eas de Bacias Hidrogr\u00e1ficas | 2021<\/p>","align":"center","text_color":"#FFFFFF78","typography_typography":"custom","typography_font_family":"Roboto","typography_font_size_mobile":{"unit":"px","size":10,"sizes":[]},"typography_font_weight":"300","_margin":{"unit":"px","top":"0","right":"0","bottom":"-17","left":"0","isLinked":false},"typography_font_size":{"unit":"px","size":11,"sizes":[]}},"elements":[],"isInner":false,"widgetType":"text-editor","elType":"widget"}],"isInner":false,"elType":"column"}],"isInner":false,"elType":"section"}],"page_settings":{"eael_ext_toc_title":"Table of Contents"},"version":"0.4","title":"inicio","type":"page"}