{"content":[{"id":"624397ec","settings":{"layout":"full_width","background_background":"classic","background_color":"#1FA84C","margin":{"unit":"px","top":"-5","right":0,"bottom":"0","left":0,"isLinked":false},"padding":{"unit":"px","top":"0","right":"0","bottom":"0","left":"0","isLinked":false},"background_image":{"url":"","id":""},"background_image_tablet":{"url":"","id":""},"background_image_mobile":{"url":"","id":""},"background_video_fallback":{"url":"","id":""},"background_slideshow_gallery":[],"background_hover_image":{"url":"","id":""},"background_hover_image_tablet":{"url":"","id":""},"background_hover_image_mobile":{"url":"","id":""},"background_hover_video_fallback":{"url":"","id":""},"background_hover_slideshow_gallery":[],"background_overlay_image":{"url":"","id":""},"background_overlay_image_tablet":{"url":"","id":""},"background_overlay_image_mobile":{"url":"","id":""},"background_overlay_video_fallback":{"url":"","id":""},"background_overlay_slideshow_gallery":[],"background_overlay_hover_image":{"url":"","id":""},"background_overlay_hover_image_tablet":{"url":"","id":""},"background_overlay_hover_image_mobile":{"url":"","id":""},"background_overlay_hover_video_fallback":{"url":"","id":""},"background_overlay_hover_slideshow_gallery":[]},"elements":[{"id":"49dea7b","settings":{"_column_size":100,"_inline_size":null,"background_image":{"url":"","id":""},"background_image_tablet":{"url":"","id":""},"background_image_mobile":{"url":"","id":""},"background_video_fallback":{"url":"","id":""},"background_slideshow_gallery":[],"background_hover_image":{"url":"","id":""},"background_hover_image_tablet":{"url":"","id":""},"background_hover_image_mobile":{"url":"","id":""},"background_hover_video_fallback":{"url":"","id":""},"background_hover_slideshow_gallery":[],"background_overlay_image":{"url":"","id":""},"background_overlay_image_tablet":{"url":"","id":""},"background_overlay_image_mobile":{"url":"","id":""},"background_overlay_video_fallback":{"url":"","id":""},"background_overlay_slideshow_gallery":[],"background_overlay_hover_image":{"url":"","id":""},"background_overlay_hover_image_tablet":{"url":"","id":""},"background_overlay_hover_image_mobile":{"url":"","id":""},"background_overlay_hover_video_fallback":{"url":"","id":""},"background_overlay_hover_slideshow_gallery":[]},"elements":[{"id":"58d4f82e","settings":{"layout":"full_width","background_background":"classic","background_color":"#1FA84C","structure":"30","margin":{"unit":"px","top":"0","right":0,"bottom":"-9","left":0,"isLinked":false},"background_image":{"url":"","id":""},"background_image_tablet":{"url":"","id":""},"background_image_mobile":{"url":"","id":""},"background_video_fallback":{"url":"","id":""},"background_slideshow_gallery":[],"background_hover_image":{"url":"","id":""},"background_hover_image_tablet":{"url":"","id":""},"background_hover_image_mobile":{"url":"","id":""},"background_hover_video_fallback":{"url":"","id":""},"background_hover_slideshow_gallery":[],"background_overlay_image":{"url":"","id":""},"background_overlay_image_tablet":{"url":"","id":""},"background_overlay_image_mobile":{"url":"","id":""},"background_overlay_video_fallback":{"url":"","id":""},"background_overlay_slideshow_gallery":[],"background_overlay_hover_image":{"url":"","id":""},"background_overlay_hover_image_tablet":{"url":"","id":""},"background_overlay_hover_image_mobile":{"url":"","id":""},"background_overlay_hover_video_fallback":{"url":"","id":""},"background_overlay_hover_slideshow_gallery":[]},"elements":[{"id":"b393a0b","settings":{"_column_size":33,"_inline_size":16.219,"background_image":{"url":"","id":""},"background_image_tablet":{"url":"","id":""},"background_image_mobile":{"url":"","id":""},"background_video_fallback":{"url":"","id":""},"background_slideshow_gallery":[],"background_hover_image":{"url":"","id":""},"background_hover_image_tablet":{"url":"","id":""},"background_hover_image_mobile":{"url":"","id":""},"background_hover_video_fallback":{"url":"","id":""},"background_hover_slideshow_gallery":[],"background_overlay_image":{"url":"","id":""},"background_overlay_image_tablet":{"url":"","id":""},"background_overlay_image_mobile":{"url":"","id":""},"background_overlay_video_fallback":{"url":"","id":""},"background_overlay_slideshow_gallery":[],"background_overlay_hover_image":{"url":"","id":""},"background_overlay_hover_image_tablet":{"url":"","id":""},"background_overlay_hover_image_mobile":{"url":"","id":""},"background_overlay_hover_video_fallback":{"url":"","id":""},"background_overlay_hover_slideshow_gallery":[]},"elements":[{"id":"a2dd72f","settings":{"social_icon_list":[{"social_icon":{"value":"fab fa-facebook","library":"fa-brands"},"_id":"ca1a3da","item_icon_color":"custom","item_icon_primary_color":"#1FA84C","item_icon_secondary_color":"#DDDDDD","link":{"url":"","is_external":"true","nofollow":"","custom_attributes":""}},{"social_icon":{"value":"fab fa-twitter","library":"fa-brands"},"_id":"ed94260","item_icon_color":"custom","item_icon_primary_color":"#1FA84C","item_icon_secondary_color":"#DDDDDD","link":{"url":"","is_external":"true","nofollow":"","custom_attributes":""}},{"social_icon":{"value":"fab fa-instagram","library":"fa-brands"},"_id":"7929992","item_icon_color":"custom","item_icon_primary_color":"#1FA84C","item_icon_secondary_color":"#DDDDDD","link":{"url":"","is_external":"true","nofollow":"","custom_attributes":""}}],"shape":"circle","icon_size":{"unit":"px","size":18,"sizes":[]},"_background_image":{"url":"","id":""},"_background_image_tablet":{"url":"","id":""},"_background_image_mobile":{"url":"","id":""},"_background_video_fallback":{"url":"","id":""},"_background_slideshow_gallery":[],"_background_hover_image":{"url":"","id":""},"_background_hover_image_tablet":{"url":"","id":""},"_background_hover_image_mobile":{"url":"","id":""},"_background_hover_video_fallback":{"url":"","id":""},"_background_hover_slideshow_gallery":[],"_mask_image":{"url":"","id":""}},"elements":[],"isInner":false,"widgetType":"social-icons","elType":"widget"}],"isInner":true,"elType":"column"},{"id":"685637a5","settings":{"_column_size":33,"_inline_size":50.113,"background_image":{"url":"","id":""},"background_image_tablet":{"url":"","id":""},"background_image_mobile":{"url":"","id":""},"background_video_fallback":{"url":"","id":""},"background_slideshow_gallery":[],"background_hover_image":{"url":"","id":""},"background_hover_image_tablet":{"url":"","id":""},"background_hover_image_mobile":{"url":"","id":""},"background_hover_video_fallback":{"url":"","id":""},"background_hover_slideshow_gallery":[],"background_overlay_image":{"url":"","id":""},"background_overlay_image_tablet":{"url":"","id":""},"background_overlay_image_mobile":{"url":"","id":""},"background_overlay_video_fallback":{"url":"","id":""},"background_overlay_slideshow_gallery":[],"background_overlay_hover_image":{"url":"","id":""},"background_overlay_hover_image_tablet":{"url":"","id":""},"background_overlay_hover_image_mobile":{"url":"","id":""},"background_overlay_hover_video_fallback":{"url":"","id":""},"background_overlay_hover_slideshow_gallery":[]},"elements":[],"isInner":true,"elType":"column"},{"id":"3b56b229","settings":{"_column_size":33,"_inline_size":null,"background_image":{"url":"","id":""},"background_image_tablet":{"url":"","id":""},"background_image_mobile":{"url":"","id":""},"background_video_fallback":{"url":"","id":""},"background_slideshow_gallery":[],"background_hover_image":{"url":"","id":""},"background_hover_image_tablet":{"url":"","id":""},"background_hover_image_mobile":{"url":"","id":""},"background_hover_video_fallback":{"url":"","id":""},"background_hover_slideshow_gallery":[],"background_overlay_image":{"url":"","id":""},"background_overlay_image_tablet":{"url":"","id":""},"background_overlay_image_mobile":{"url":"","id":""},"background_overlay_video_fallback":{"url":"","id":""},"background_overlay_slideshow_gallery":[],"background_overlay_hover_image":{"url":"","id":""},"background_overlay_hover_image_tablet":{"url":"","id":""},"background_overlay_hover_image_mobile":{"url":"","id":""},"background_overlay_hover_video_fallback":{"url":"","id":""},"background_overlay_hover_slideshow_gallery":[]},"elements":[],"isInner":true,"elType":"column"}],"isInner":true,"elType":"section"}],"isInner":false,"elType":"column"}],"isInner":false,"elType":"section"},{"id":"213ad82f","settings":{"structure":"20","margin":{"unit":"px","top":"10","right":0,"bottom":"0","left":0,"isLinked":false},"background_image":{"url":"","id":""},"background_image_tablet":{"url":"","id":""},"background_image_mobile":{"url":"","id":""},"background_video_fallback":{"url":"","id":""},"background_slideshow_gallery":[],"background_hover_image":{"url":"","id":""},"background_hover_image_tablet":{"url":"","id":""},"background_hover_image_mobile":{"url":"","id":""},"background_hover_video_fallback":{"url":"","id":""},"background_hover_slideshow_gallery":[],"background_overlay_image":{"url":"","id":""},"background_overlay_image_tablet":{"url":"","id":""},"background_overlay_image_mobile":{"url":"","id":""},"background_overlay_video_fallback":{"url":"","id":""},"background_overlay_slideshow_gallery":[],"background_overlay_hover_image":{"url":"","id":""},"background_overlay_hover_image_tablet":{"url":"","id":""},"background_overlay_hover_image_mobile":{"url":"","id":""},"background_overlay_hover_video_fallback":{"url":"","id":""},"background_overlay_hover_slideshow_gallery":[]},"elements":[{"id":"1919950","settings":{"_column_size":50,"_inline_size":30.111,"background_image":{"url":"","id":""},"background_image_tablet":{"url":"","id":""},"background_image_mobile":{"url":"","id":""},"background_video_fallback":{"url":"","id":""},"background_slideshow_gallery":[],"background_hover_image":{"url":"","id":""},"background_hover_image_tablet":{"url":"","id":""},"background_hover_image_mobile":{"url":"","id":""},"background_hover_video_fallback":{"url":"","id":""},"background_hover_slideshow_gallery":[],"background_overlay_image":{"url":"","id":""},"background_overlay_image_tablet":{"url":"","id":""},"background_overlay_image_mobile":{"url":"","id":""},"background_overlay_video_fallback":{"url":"","id":""},"background_overlay_slideshow_gallery":[],"background_overlay_hover_image":{"url":"","id":""},"background_overlay_hover_image_tablet":{"url":"","id":""},"background_overlay_hover_image_mobile":{"url":"","id":""},"background_overlay_hover_video_fallback":{"url":"","id":""},"background_overlay_hover_slideshow_gallery":[]},"elements":[{"id":"4911b057","settings":{"image":{"id":"","url":"http:\/\/172.18.254.92\/wp-content\/plugins\/elementor\/assets\/images\/placeholder.png"},"_background_image":{"url":"","id":""},"_background_image_tablet":{"url":"","id":""},"_background_image_mobile":{"url":"","id":""},"_background_video_fallback":{"url":"","id":""},"_background_slideshow_gallery":[],"_background_hover_image":{"url":"","id":""},"_background_hover_image_tablet":{"url":"","id":""},"_background_hover_image_mobile":{"url":"","id":""},"_background_hover_video_fallback":{"url":"","id":""},"_background_hover_slideshow_gallery":[],"_mask_image":{"url":"","id":""}},"elements":[],"isInner":false,"widgetType":"image","elType":"widget"}],"isInner":false,"elType":"column"},{"id":"1113b4e1","settings":{"_column_size":50,"_inline_size":69.889,"background_image":{"url":"","id":""},"background_image_tablet":{"url":"","id":""},"background_image_mobile":{"url":"","id":""},"background_video_fallback":{"url":"","id":""},"background_slideshow_gallery":[],"background_hover_image":{"url":"","id":""},"background_hover_image_tablet":{"url":"","id":""},"background_hover_image_mobile":{"url":"","id":""},"background_hover_video_fallback":{"url":"","id":""},"background_hover_slideshow_gallery":[],"background_overlay_image":{"url":"","id":""},"background_overlay_image_tablet":{"url":"","id":""},"background_overlay_image_mobile":{"url":"","id":""},"background_overlay_video_fallback":{"url":"","id":""},"background_overlay_slideshow_gallery":[],"background_overlay_hover_image":{"url":"","id":""},"background_overlay_hover_image_tablet":{"url":"","id":""},"background_overlay_hover_image_mobile":{"url":"","id":""},"background_overlay_hover_video_fallback":{"url":"","id":""},"background_overlay_hover_slideshow_gallery":[]},"elements":[{"id":"3c85e295","settings":{"eael_simple_menu_background":"#FFFFFF","eael_simple_menu_item_padding":{"unit":"px","top":"0","right":"16","bottom":"0","left":"47","isLinked":false},"eael_simple_menu_item_alignment":"eael-simple-menu-align-right","eael_simple_menu_item_divider_color":"#FFFFFF","eael_simple_menu_item_typography_typography":"custom","eael_simple_menu_item_typography_font_family":"Roboto","eael_simple_menu_item_typography_font_size":{"unit":"px","size":18,"sizes":[]},"eael_simple_menu_item_typography_font_weight":"600","eael_simple_menu_item_color":"#4B4B4B","eael_simple_menu_item_background":"#FFFFFF","eael_simple_menu_item_color_hover":"#1FA84C","eael_simple_menu_item_indicator":{"value":"fas fa-angle-down","library":"fa-solid"},"eael_simple_menu_dropdown_item_indicator":{"value":"fas fa-angle-down","library":"fa-solid"},"_background_image":{"url":"","id":""},"_background_image_tablet":{"url":"","id":""},"_background_image_mobile":{"url":"","id":""},"_background_video_fallback":{"url":"","id":""},"_background_slideshow_gallery":[],"_background_hover_image":{"url":"","id":""},"_background_hover_image_tablet":{"url":"","id":""},"_background_hover_image_mobile":{"url":"","id":""},"_background_hover_video_fallback":{"url":"","id":""},"_background_hover_slideshow_gallery":[],"_mask_image":{"url":"","id":""}},"elements":[],"isInner":false,"widgetType":"eael-simple-menu","elType":"widget"}],"isInner":false,"elType":"column"}],"isInner":false,"elType":"section"},{"id":"78d16f1a","settings":{"layout":"full_width","background_background":"slideshow","background_slideshow_gallery":[],"background_slideshow_background_position":"center center","background_overlay_background":"classic","background_overlay_color":"#000000","background_image":{"url":"","id":""},"background_image_tablet":{"url":"","id":""},"background_image_mobile":{"url":"","id":""},"background_video_fallback":{"url":"","id":""},"background_hover_image":{"url":"","id":""},"background_hover_image_tablet":{"url":"","id":""},"background_hover_image_mobile":{"url":"","id":""},"background_hover_video_fallback":{"url":"","id":""},"background_hover_slideshow_gallery":[],"background_overlay_image":{"url":"","id":""},"background_overlay_image_tablet":{"url":"","id":""},"background_overlay_image_mobile":{"url":"","id":""},"background_overlay_video_fallback":{"url":"","id":""},"background_overlay_slideshow_gallery":[],"background_overlay_hover_image":{"url":"","id":""},"background_overlay_hover_image_tablet":{"url":"","id":""},"background_overlay_hover_image_mobile":{"url":"","id":""},"background_overlay_hover_video_fallback":{"url":"","id":""},"background_overlay_hover_slideshow_gallery":[]},"elements":[{"id":"d4bd1f7","settings":{"_column_size":100,"_inline_size":null,"background_image":{"url":"","id":""},"background_image_tablet":{"url":"","id":""},"background_image_mobile":{"url":"","id":""},"background_video_fallback":{"url":"","id":""},"background_slideshow_gallery":[],"background_hover_image":{"url":"","id":""},"background_hover_image_tablet":{"url":"","id":""},"background_hover_image_mobile":{"url":"","id":""},"background_hover_video_fallback":{"url":"","id":""},"background_hover_slideshow_gallery":[],"background_overlay_image":{"url":"","id":""},"background_overlay_image_tablet":{"url":"","id":""},"background_overlay_image_mobile":{"url":"","id":""},"background_overlay_video_fallback":{"url":"","id":""},"background_overlay_slideshow_gallery":[],"background_overlay_hover_image":{"url":"","id":""},"background_overlay_hover_image_tablet":{"url":"","id":""},"background_overlay_hover_image_mobile":{"url":"","id":""},"background_overlay_hover_video_fallback":{"url":"","id":""},"background_overlay_hover_slideshow_gallery":[]},"elements":[{"id":"1ea5b7a2","settings":{"structure":"20","background_image":{"url":"","id":""},"background_image_tablet":{"url":"","id":""},"background_image_mobile":{"url":"","id":""},"background_video_fallback":{"url":"","id":""},"background_slideshow_gallery":[],"background_hover_image":{"url":"","id":""},"background_hover_image_tablet":{"url":"","id":""},"background_hover_image_mobile":{"url":"","id":""},"background_hover_video_fallback":{"url":"","id":""},"background_hover_slideshow_gallery":[],"background_overlay_image":{"url":"","id":""},"background_overlay_image_tablet":{"url":"","id":""},"background_overlay_image_mobile":{"url":"","id":""},"background_overlay_video_fallback":{"url":"","id":""},"background_overlay_slideshow_gallery":[],"background_overlay_hover_image":{"url":"","id":""},"background_overlay_hover_image_tablet":{"url":"","id":""},"background_overlay_hover_image_mobile":{"url":"","id":""},"background_overlay_hover_video_fallback":{"url":"","id":""},"background_overlay_hover_slideshow_gallery":[]},"elements":[{"id":"62020a0f","settings":{"_column_size":50,"_inline_size":null,"background_image":{"url":"","id":""},"background_image_tablet":{"url":"","id":""},"background_image_mobile":{"url":"","id":""},"background_video_fallback":{"url":"","id":""},"background_slideshow_gallery":[],"background_hover_image":{"url":"","id":""},"background_hover_image_tablet":{"url":"","id":""},"background_hover_image_mobile":{"url":"","id":""},"background_hover_video_fallback":{"url":"","id":""},"background_hover_slideshow_gallery":[],"background_overlay_image":{"url":"","id":""},"background_overlay_image_tablet":{"url":"","id":""},"background_overlay_image_mobile":{"url":"","id":""},"background_overlay_video_fallback":{"url":"","id":""},"background_overlay_slideshow_gallery":[],"background_overlay_hover_image":{"url":"","id":""},"background_overlay_hover_image_tablet":{"url":"","id":""},"background_overlay_hover_image_mobile":{"url":"","id":""},"background_overlay_hover_video_fallback":{"url":"","id":""},"background_overlay_hover_slideshow_gallery":[]},"elements":[{"id":"5e24d476","settings":{"space":{"unit":"px","size":80,"sizes":[]},"_background_image":{"url":"","id":""},"_background_image_tablet":{"url":"","id":""},"_background_image_mobile":{"url":"","id":""},"_background_video_fallback":{"url":"","id":""},"_background_slideshow_gallery":[],"_background_hover_image":{"url":"","id":""},"_background_hover_image_tablet":{"url":"","id":""},"_background_hover_image_mobile":{"url":"","id":""},"_background_hover_video_fallback":{"url":"","id":""},"_background_hover_slideshow_gallery":[],"_mask_image":{"url":"","id":""}},"elements":[],"isInner":false,"widgetType":"spacer","elType":"widget"},{"id":"20483f3a","settings":{"title":"Eventos","title_color":"#FFFFFF","typography_typography":"custom","typography_font_family":"Roboto","typography_font_size":{"unit":"px","size":41,"sizes":[]},"typography_font_weight":"600","_background_image":{"url":"","id":""},"_background_image_tablet":{"url":"","id":""},"_background_image_mobile":{"url":"","id":""},"_background_video_fallback":{"url":"","id":""},"_background_slideshow_gallery":[],"_background_hover_image":{"url":"","id":""},"_background_hover_image_tablet":{"url":"","id":""},"_background_hover_image_mobile":{"url":"","id":""},"_background_hover_video_fallback":{"url":"","id":""},"_background_hover_slideshow_gallery":[],"_mask_image":{"url":"","id":""}},"elements":[],"isInner":false,"widgetType":"heading","elType":"widget"},{"id":"5e6814ac","settings":{"space":{"unit":"px","size":80,"sizes":[]},"_background_image":{"url":"","id":""},"_background_image_tablet":{"url":"","id":""},"_background_image_mobile":{"url":"","id":""},"_background_video_fallback":{"url":"","id":""},"_background_slideshow_gallery":[],"_background_hover_image":{"url":"","id":""},"_background_hover_image_tablet":{"url":"","id":""},"_background_hover_image_mobile":{"url":"","id":""},"_background_hover_video_fallback":{"url":"","id":""},"_background_hover_slideshow_gallery":[],"_mask_image":{"url":"","id":""}},"elements":[],"isInner":false,"widgetType":"spacer","elType":"widget"}],"isInner":true,"elType":"column"},{"id":"2f904529","settings":{"_column_size":50,"_inline_size":null,"background_image":{"url":"","id":""},"background_image_tablet":{"url":"","id":""},"background_image_mobile":{"url":"","id":""},"background_video_fallback":{"url":"","id":""},"background_slideshow_gallery":[],"background_hover_image":{"url":"","id":""},"background_hover_image_tablet":{"url":"","id":""},"background_hover_image_mobile":{"url":"","id":""},"background_hover_video_fallback":{"url":"","id":""},"background_hover_slideshow_gallery":[],"background_overlay_image":{"url":"","id":""},"background_overlay_image_tablet":{"url":"","id":""},"background_overlay_image_mobile":{"url":"","id":""},"background_overlay_video_fallback":{"url":"","id":""},"background_overlay_slideshow_gallery":[],"background_overlay_hover_image":{"url":"","id":""},"background_overlay_hover_image_tablet":{"url":"","id":""},"background_overlay_hover_image_mobile":{"url":"","id":""},"background_overlay_hover_video_fallback":{"url":"","id":""},"background_overlay_hover_slideshow_gallery":[]},"elements":[],"isInner":true,"elType":"column"}],"isInner":true,"elType":"section"}],"isInner":false,"elType":"column"}],"isInner":false,"elType":"section"},{"id":"26a3926c","settings":{"gap":"no","custom_height":{"unit":"px","size":800},"content_position":"middle","padding":{"unit":"px","top":"100","right":"0","bottom":"100","left":"0","isLinked":false},"padding_tablet":{"unit":"px","top":"100","right":"25","bottom":"100","left":"25","isLinked":false},"padding_mobile":{"unit":"px","top":"50","right":"20","bottom":"50","left":"20","isLinked":false},"background_background":"classic","background_color":"#FFFFFF","background_image":{"url":"","id":""},"background_image_tablet":{"url":"","id":""},"background_image_mobile":{"url":"","id":""},"background_video_fallback":{"url":"","id":""},"background_slideshow_gallery":[],"background_hover_image":{"url":"","id":""},"background_hover_image_tablet":{"url":"","id":""},"background_hover_image_mobile":{"url":"","id":""},"background_hover_video_fallback":{"url":"","id":""},"background_hover_slideshow_gallery":[],"background_overlay_image":{"url":"","id":""},"background_overlay_image_tablet":{"url":"","id":""},"background_overlay_image_mobile":{"url":"","id":""},"background_overlay_video_fallback":{"url":"","id":""},"background_overlay_slideshow_gallery":[],"background_overlay_hover_image":{"url":"","id":""},"background_overlay_hover_image_tablet":{"url":"","id":""},"background_overlay_hover_image_mobile":{"url":"","id":""},"background_overlay_hover_video_fallback":{"url":"","id":""},"background_overlay_hover_slideshow_gallery":[]},"elements":[{"id":"3253ddb7","settings":{"_column_size":100,"_inline_size":null,"padding":{"unit":"px","top":"0","right":"0","bottom":"0","left":"35","isLinked":false},"padding_mobile":{"unit":"px","top":"25","right":"0","bottom":"0","left":"0","isLinked":false},"background_image":{"url":"","id":""},"background_image_tablet":{"url":"","id":""},"background_image_mobile":{"url":"","id":""},"background_video_fallback":{"url":"","id":""},"background_slideshow_gallery":[],"background_hover_image":{"url":"","id":""},"background_hover_image_tablet":{"url":"","id":""},"background_hover_image_mobile":{"url":"","id":""},"background_hover_video_fallback":{"url":"","id":""},"background_hover_slideshow_gallery":[],"background_overlay_image":{"url":"","id":""},"background_overlay_image_tablet":{"url":"","id":""},"background_overlay_image_mobile":{"url":"","id":""},"background_overlay_video_fallback":{"url":"","id":""},"background_overlay_slideshow_gallery":[],"background_overlay_hover_image":{"url":"","id":""},"background_overlay_hover_image_tablet":{"url":"","id":""},"background_overlay_hover_image_mobile":{"url":"","id":""},"background_overlay_hover_video_fallback":{"url":"","id":""},"background_overlay_hover_slideshow_gallery":[]},"elements":[{"id":"377597a6","settings":{"title":"Eventos promovidos pelo F\u00f3rum Maranhense de CBHs","header_size":"h4","title_color":"#242424","typography_typography":"custom","typography_font_size":{"unit":"px","size":42},"_background_image":{"url":"","id":""},"_background_image_tablet":{"url":"","id":""},"_background_image_mobile":{"url":"","id":""},"_background_video_fallback":{"url":"","id":""},"_background_slideshow_gallery":[],"_background_hover_image":{"url":"","id":""},"_background_hover_image_tablet":{"url":"","id":""},"_background_hover_image_mobile":{"url":"","id":""},"_background_hover_video_fallback":{"url":"","id":""},"_background_hover_slideshow_gallery":[],"_mask_image":{"url":"","id":""}},"elements":[],"isInner":false,"widgetType":"heading","elType":"widget"},{"id":"7a303d08","settings":{"space":{"unit":"px","size":10,"sizes":[]},"_background_image":{"url":"","id":""},"_background_image_tablet":{"url":"","id":""},"_background_image_mobile":{"url":"","id":""},"_background_video_fallback":{"url":"","id":""},"_background_slideshow_gallery":[],"_background_hover_image":{"url":"","id":""},"_background_hover_image_tablet":{"url":"","id":""},"_background_hover_image_mobile":{"url":"","id":""},"_background_hover_video_fallback":{"url":"","id":""},"_background_hover_slideshow_gallery":[],"_mask_image":{"url":"","id":""}},"elements":[],"isInner":false,"widgetType":"spacer","elType":"widget"},{"id":"2a16e9dc","settings":{"editor":"<p>O <strong>F\u00f3rum Maranhense de<\/strong> <strong>Comit\u00eas de Bacias Hidrogr\u00e1ficas (FMACBHs)<\/strong> \u00e9 um f\u00f3rum em que um grupo de pessoas se re\u00fanem para discutir sobre um interesse comum \u2013 o uso d\u2019\u00e1gua nas bacias hidrogr\u00e1ficas do Estado do Maranh\u00e3o.<strong> Os Comit\u00eas<\/strong> surgem como uma forma de reverter esse quadro, ao permitirem a concilia\u00e7\u00e3o dos diferentes interesses e a constru\u00e7\u00e3o coletiva das solu\u00e7\u00f5es.<\/p><p>Os Comit\u00eas promovem o debate das quest\u00f5es relacionadas aos recursos h\u00eddricos da bacia; articulam a atua\u00e7\u00e3o das entidades que trabalham com este tema; arbitram, em primeira inst\u00e2ncia, os conflitos relacionados a recursos h\u00eddricos; aprovam e acompanham a execu\u00e7\u00e3o do Plano de Recursos H\u00eddricos da Bacia.<\/p>","text_color":"#1D1D1D","typography_typography":"custom","typography_font_size":{"unit":"px","size":16},"typography_font_weight":"300","typography_line_height":{"unit":"em","size":1.8},"_background_image":{"url":"","id":""},"_background_image_tablet":{"url":"","id":""},"_background_image_mobile":{"url":"","id":""},"_background_video_fallback":{"url":"","id":""},"_background_slideshow_gallery":[],"_background_hover_image":{"url":"","id":""},"_background_hover_image_tablet":{"url":"","id":""},"_background_hover_image_mobile":{"url":"","id":""},"_background_hover_video_fallback":{"url":"","id":""},"_background_hover_slideshow_gallery":[],"_mask_image":{"url":"","id":""}},"elements":[],"isInner":false,"widgetType":"text-editor","elType":"widget"},{"id":"13354edf","settings":{"title":"Veja o nosso calend\u00e1rio de eventos","title_color":"#4E4E4E","typography_typography":"custom","typography_font_family":"Roboto","typography_font_size":{"unit":"px","size":24,"sizes":[]},"typography_font_weight":"600","_background_image":{"url":"","id":""},"_background_image_tablet":{"url":"","id":""},"_background_image_mobile":{"url":"","id":""},"_background_video_fallback":{"url":"","id":""},"_background_slideshow_gallery":[],"_background_hover_image":{"url":"","id":""},"_background_hover_image_tablet":{"url":"","id":""},"_background_hover_image_mobile":{"url":"","id":""},"_background_hover_video_fallback":{"url":"","id":""},"_background_hover_slideshow_gallery":[],"_mask_image":{"url":"","id":""}},"elements":[],"isInner":false,"widgetType":"heading","elType":"widget"},{"id":"48e20f7f","settings":{"text":"Divisor","color":"#1FA84C","weight":{"unit":"px","size":3,"sizes":[]},"_margin":{"unit":"px","top":"-29","right":"0","bottom":"0","left":"3","isLinked":false},"width":{"unit":"%","size":34,"sizes":[]},"icon":{"value":"fas fa-star","library":"fa-solid"},"_background_image":{"url":"","id":""},"_background_image_tablet":{"url":"","id":""},"_background_image_mobile":{"url":"","id":""},"_background_video_fallback":{"url":"","id":""},"_background_slideshow_gallery":[],"_background_hover_image":{"url":"","id":""},"_background_hover_image_tablet":{"url":"","id":""},"_background_hover_image_mobile":{"url":"","id":""},"_background_hover_video_fallback":{"url":"","id":""},"_background_hover_slideshow_gallery":[],"_mask_image":{"url":"","id":""}},"elements":[],"isInner":false,"widgetType":"divider","elType":"widget"},{"id":"18add8b8","settings":{"tabs":[{"tab_title":"Janeiro","tab_content":"","_id":"4c32d5f"},{"tab_title":"Fevereiro","tab_content":"","_id":"b86e9a8"},{"tab_title":"Mar\u00e7o","tab_content":"","_id":"ea5bbaf"},{"tab_title":"Abril","tab_content":"","_id":"6ed95d5"},{"tab_title":"Maio","tab_content":"","_id":"ef62e0e"},{"tab_title":"Junho","tab_content":"","_id":"cbea1c0"},{"tab_title":"Julho","tab_content":"","_id":"c36cbdb"},{"tab_title":"Agosto","tab_content":"","_id":"d6b660c"},{"tab_title":"Setembro","tab_content":"","_id":"7682785"},{"tab_title":"Outubro","tab_content":"","_id":"277ecf9"},{"tab_title":"Novembro","tab_content":"","_id":"9b051a7"},{"tab_title":"Dezembro","tab_content":"","_id":"2111d2c"}],"background_color":"#FFFFFF","tab_color":"#555555","tab_active_color":"#61CE70","_element_width":"initial","_element_custom_width":{"unit":"px","size":1019},"_element_vertical_align":"center","_background_image":{"url":"","id":""},"_background_image_tablet":{"url":"","id":""},"_background_image_mobile":{"url":"","id":""},"_background_video_fallback":{"url":"","id":""},"_background_slideshow_gallery":[],"_background_hover_image":{"url":"","id":""},"_background_hover_image_tablet":{"url":"","id":""},"_background_hover_image_mobile":{"url":"","id":""},"_background_hover_video_fallback":{"url":"","id":""},"_background_hover_slideshow_gallery":[],"_mask_image":{"url":"","id":""}},"elements":[],"isInner":false,"widgetType":"tabs","elType":"widget"}],"isInner":false,"elType":"column"}],"isInner":false,"elType":"section"},{"id":"1a037809","settings":{"gap":"no","custom_height":{"unit":"px","size":800},"content_position":"middle","structure":"20","padding":{"unit":"px","top":"100","right":"0","bottom":"100","left":"0","isLinked":false},"padding_tablet":{"unit":"px","top":"100","right":"25","bottom":"100","left":"25","isLinked":false},"padding_mobile":{"unit":"px","top":"50","right":"20","bottom":"50","left":"20","isLinked":false},"background_background":"classic","background_color":"#F8F8F8","background_image":{"url":"","id":""},"background_image_tablet":{"url":"","id":""},"background_image_mobile":{"url":"","id":""},"background_video_fallback":{"url":"","id":""},"background_slideshow_gallery":[],"background_hover_image":{"url":"","id":""},"background_hover_image_tablet":{"url":"","id":""},"background_hover_image_mobile":{"url":"","id":""},"background_hover_video_fallback":{"url":"","id":""},"background_hover_slideshow_gallery":[],"background_overlay_image":{"url":"","id":""},"background_overlay_image_tablet":{"url":"","id":""},"background_overlay_image_mobile":{"url":"","id":""},"background_overlay_video_fallback":{"url":"","id":""},"background_overlay_slideshow_gallery":[],"background_overlay_hover_image":{"url":"","id":""},"background_overlay_hover_image_tablet":{"url":"","id":""},"background_overlay_hover_image_mobile":{"url":"","id":""},"background_overlay_hover_video_fallback":{"url":"","id":""},"background_overlay_hover_slideshow_gallery":[]},"elements":[{"id":"2497d0b3","settings":{"_column_size":50,"_inline_size":null,"background_image":{"url":"","id":""},"background_image_tablet":{"url":"","id":""},"background_image_mobile":{"url":"","id":""},"background_video_fallback":{"url":"","id":""},"background_slideshow_gallery":[],"background_hover_image":{"url":"","id":""},"background_hover_image_tablet":{"url":"","id":""},"background_hover_image_mobile":{"url":"","id":""},"background_hover_video_fallback":{"url":"","id":""},"background_hover_slideshow_gallery":[],"background_overlay_image":{"url":"","id":""},"background_overlay_image_tablet":{"url":"","id":""},"background_overlay_image_mobile":{"url":"","id":""},"background_overlay_video_fallback":{"url":"","id":""},"background_overlay_slideshow_gallery":[],"background_overlay_hover_image":{"url":"","id":""},"background_overlay_hover_image_tablet":{"url":"","id":""},"background_overlay_hover_image_mobile":{"url":"","id":""},"background_overlay_hover_video_fallback":{"url":"","id":""},"background_overlay_hover_slideshow_gallery":[]},"elements":[{"id":"6a20a755","settings":{"image":{"id":"","url":"http:\/\/172.18.254.92\/wp-content\/plugins\/elementor\/assets\/images\/placeholder.png"},"image_size":"full","_background_image":{"url":"","id":""},"_background_image_tablet":{"url":"","id":""},"_background_image_mobile":{"url":"","id":""},"_background_video_fallback":{"url":"","id":""},"_background_slideshow_gallery":[],"_background_hover_image":{"url":"","id":""},"_background_hover_image_tablet":{"url":"","id":""},"_background_hover_image_mobile":{"url":"","id":""},"_background_hover_video_fallback":{"url":"","id":""},"_background_hover_slideshow_gallery":[],"_mask_image":{"url":"","id":""}},"elements":[],"isInner":false,"widgetType":"image","elType":"widget"}],"isInner":false,"elType":"column"},{"id":"2cd2ca1","settings":{"_column_size":50,"_inline_size":null,"padding":{"unit":"px","top":"0","right":"0","bottom":"0","left":"35","isLinked":false},"padding_mobile":{"unit":"px","top":"25","right":"0","bottom":"0","left":"0","isLinked":false},"background_image":{"url":"","id":""},"background_image_tablet":{"url":"","id":""},"background_image_mobile":{"url":"","id":""},"background_video_fallback":{"url":"","id":""},"background_slideshow_gallery":[],"background_hover_image":{"url":"","id":""},"background_hover_image_tablet":{"url":"","id":""},"background_hover_image_mobile":{"url":"","id":""},"background_hover_video_fallback":{"url":"","id":""},"background_hover_slideshow_gallery":[],"background_overlay_image":{"url":"","id":""},"background_overlay_image_tablet":{"url":"","id":""},"background_overlay_image_mobile":{"url":"","id":""},"background_overlay_video_fallback":{"url":"","id":""},"background_overlay_slideshow_gallery":[],"background_overlay_hover_image":{"url":"","id":""},"background_overlay_hover_image_tablet":{"url":"","id":""},"background_overlay_hover_image_mobile":{"url":"","id":""},"background_overlay_hover_video_fallback":{"url":"","id":""},"background_overlay_hover_slideshow_gallery":[]},"elements":[{"id":"7db1780a","settings":{"title":"F\u00f3rum de CBHsMA","header_size":"h4","title_color":"#000000","typography_typography":"custom","typography_font_size":{"unit":"px","size":45},"_background_image":{"url":"","id":""},"_background_image_tablet":{"url":"","id":""},"_background_image_mobile":{"url":"","id":""},"_background_video_fallback":{"url":"","id":""},"_background_slideshow_gallery":[],"_background_hover_image":{"url":"","id":""},"_background_hover_image_tablet":{"url":"","id":""},"_background_hover_image_mobile":{"url":"","id":""},"_background_hover_video_fallback":{"url":"","id":""},"_background_hover_slideshow_gallery":[],"_mask_image":{"url":"","id":""}},"elements":[],"isInner":false,"widgetType":"heading","elType":"widget"},{"id":"373b2515","settings":{"editor":"<p>Os <strong>Comit\u00eas de Bacias Hidrogr\u00e1ficas (CBHs)<\/strong> s\u00e3o um destes \u00f3rg\u00e3os: f\u00f3runs em que um grupo de pessoas se re\u00fanem para discutir sobre um interesse comum \u2013 o uso d\u2019\u00e1gua em determinada <a href=\"https:\/\/pt.wikipedia.org\/wiki\/Bacia_hidrogr%C3%A1fica\" target=\"_blank\" rel=\"noopener nofollow external noreferrer\" data-wpel-link=\"external\">bacia hidrogr\u00e1fica<\/a>. Dada a diversidade de interesses em rela\u00e7\u00e3o ao uso da \u00e1gua, a distribui\u00e7\u00e3o desigual e o uso inadequado, h\u00e1 conflitos e riscos \u00e0 garantia desse recurso para as gera\u00e7\u00f5es presentes e futuras. Os Comit\u00eas surgem como uma forma de reverter esse quadro, ao permitirem a concilia\u00e7\u00e3o dos diferentes interesses e a constru\u00e7\u00e3o coletiva das solu\u00e7\u00f5es.<\/p>","text_color":"#1D1D1D","typography_typography":"custom","typography_font_size":{"unit":"px","size":16},"typography_font_weight":"300","typography_line_height":{"unit":"em","size":1.8},"_background_image":{"url":"","id":""},"_background_image_tablet":{"url":"","id":""},"_background_image_mobile":{"url":"","id":""},"_background_video_fallback":{"url":"","id":""},"_background_slideshow_gallery":[],"_background_hover_image":{"url":"","id":""},"_background_hover_image_tablet":{"url":"","id":""},"_background_hover_image_mobile":{"url":"","id":""},"_background_hover_video_fallback":{"url":"","id":""},"_background_hover_slideshow_gallery":[],"_mask_image":{"url":"","id":""}},"elements":[],"isInner":false,"widgetType":"text-editor","elType":"widget"}],"isInner":false,"elType":"column"}],"isInner":false,"elType":"section"},{"id":"4596eb41","settings":{"background_image":{"url":"","id":""},"background_image_tablet":{"url":"","id":""},"background_image_mobile":{"url":"","id":""},"background_video_fallback":{"url":"","id":""},"background_slideshow_gallery":[],"background_hover_image":{"url":"","id":""},"background_hover_image_tablet":{"url":"","id":""},"background_hover_image_mobile":{"url":"","id":""},"background_hover_video_fallback":{"url":"","id":""},"background_hover_slideshow_gallery":[],"background_overlay_image":{"url":"","id":""},"background_overlay_image_tablet":{"url":"","id":""},"background_overlay_image_mobile":{"url":"","id":""},"background_overlay_video_fallback":{"url":"","id":""},"background_overlay_slideshow_gallery":[],"background_overlay_hover_image":{"url":"","id":""},"background_overlay_hover_image_tablet":{"url":"","id":""},"background_overlay_hover_image_mobile":{"url":"","id":""},"background_overlay_hover_video_fallback":{"url":"","id":""},"background_overlay_hover_slideshow_gallery":[]},"elements":[{"id":"36f995d7","settings":{"_column_size":100,"_inline_size":null,"background_image":{"url":"","id":""},"background_image_tablet":{"url":"","id":""},"background_image_mobile":{"url":"","id":""},"background_video_fallback":{"url":"","id":""},"background_slideshow_gallery":[],"background_hover_image":{"url":"","id":""},"background_hover_image_tablet":{"url":"","id":""},"background_hover_image_mobile":{"url":"","id":""},"background_hover_video_fallback":{"url":"","id":""},"background_hover_slideshow_gallery":[],"background_overlay_image":{"url":"","id":""},"background_overlay_image_tablet":{"url":"","id":""},"background_overlay_image_mobile":{"url":"","id":""},"background_overlay_video_fallback":{"url":"","id":""},"background_overlay_slideshow_gallery":[],"background_overlay_hover_image":{"url":"","id":""},"background_overlay_hover_image_tablet":{"url":"","id":""},"background_overlay_hover_image_mobile":{"url":"","id":""},"background_overlay_hover_video_fallback":{"url":"","id":""},"background_overlay_hover_slideshow_gallery":[]},"elements":[{"id":"62fcaf13","settings":{"space":{"unit":"px","size":26,"sizes":[]},"_background_image":{"url":"","id":""},"_background_image_tablet":{"url":"","id":""},"_background_image_mobile":{"url":"","id":""},"_background_video_fallback":{"url":"","id":""},"_background_slideshow_gallery":[],"_background_hover_image":{"url":"","id":""},"_background_hover_image_tablet":{"url":"","id":""},"_background_hover_image_mobile":{"url":"","id":""},"_background_hover_video_fallback":{"url":"","id":""},"_background_hover_slideshow_gallery":[],"_mask_image":{"url":"","id":""}},"elements":[],"isInner":false,"widgetType":"spacer","elType":"widget"},{"id":"6586edd5","settings":{"structure":"20","background_image":{"url":"","id":""},"background_image_tablet":{"url":"","id":""},"background_image_mobile":{"url":"","id":""},"background_video_fallback":{"url":"","id":""},"background_slideshow_gallery":[],"background_hover_image":{"url":"","id":""},"background_hover_image_tablet":{"url":"","id":""},"background_hover_image_mobile":{"url":"","id":""},"background_hover_video_fallback":{"url":"","id":""},"background_hover_slideshow_gallery":[],"background_overlay_image":{"url":"","id":""},"background_overlay_image_tablet":{"url":"","id":""},"background_overlay_image_mobile":{"url":"","id":""},"background_overlay_video_fallback":{"url":"","id":""},"background_overlay_slideshow_gallery":[],"background_overlay_hover_image":{"url":"","id":""},"background_overlay_hover_image_tablet":{"url":"","id":""},"background_overlay_hover_image_mobile":{"url":"","id":""},"background_overlay_hover_video_fallback":{"url":"","id":""},"background_overlay_hover_slideshow_gallery":[]},"elements":[{"id":"298f8b5f","settings":{"_column_size":50,"_inline_size":32.094,"background_image":{"url":"","id":""},"background_image_tablet":{"url":"","id":""},"background_image_mobile":{"url":"","id":""},"background_video_fallback":{"url":"","id":""},"background_slideshow_gallery":[],"background_hover_image":{"url":"","id":""},"background_hover_image_tablet":{"url":"","id":""},"background_hover_image_mobile":{"url":"","id":""},"background_hover_video_fallback":{"url":"","id":""},"background_hover_slideshow_gallery":[],"background_overlay_image":{"url":"","id":""},"background_overlay_image_tablet":{"url":"","id":""},"background_overlay_image_mobile":{"url":"","id":""},"background_overlay_video_fallback":{"url":"","id":""},"background_overlay_slideshow_gallery":[],"background_overlay_hover_image":{"url":"","id":""},"background_overlay_hover_image_tablet":{"url":"","id":""},"background_overlay_hover_image_mobile":{"url":"","id":""},"background_overlay_hover_video_fallback":{"url":"","id":""},"background_overlay_hover_slideshow_gallery":[]},"elements":[{"id":"53cfc2c8","settings":{"title":"Nossos Eventos","align":"left","title_color":"#383838","typography_typography":"custom","typography_font_family":"Roboto","typography_font_size":{"unit":"px","size":37,"sizes":[]},"typography_font_weight":"600","_margin":{"unit":"px","top":"0","right":"0","bottom":"0","left":"0","isLinked":false},"_background_image":{"url":"","id":""},"_background_image_tablet":{"url":"","id":""},"_background_image_mobile":{"url":"","id":""},"_background_video_fallback":{"url":"","id":""},"_background_slideshow_gallery":[],"_background_hover_image":{"url":"","id":""},"_background_hover_image_tablet":{"url":"","id":""},"_background_hover_image_mobile":{"url":"","id":""},"_background_hover_video_fallback":{"url":"","id":""},"_background_hover_slideshow_gallery":[],"_mask_image":{"url":"","id":""}},"elements":[],"isInner":false,"widgetType":"heading","elType":"widget"},{"id":"6ae52860","settings":{"text":"Divisor","color":"#1FA84C","weight":{"unit":"px","size":3.5,"sizes":[]},"_margin":{"unit":"px","top":"-31","right":"0","bottom":"0","left":"0","isLinked":false},"icon":{"value":"fas fa-star","library":"fa-solid"},"_background_image":{"url":"","id":""},"_background_image_tablet":{"url":"","id":""},"_background_image_mobile":{"url":"","id":""},"_background_video_fallback":{"url":"","id":""},"_background_slideshow_gallery":[],"_background_hover_image":{"url":"","id":""},"_background_hover_image_tablet":{"url":"","id":""},"_background_hover_image_mobile":{"url":"","id":""},"_background_hover_video_fallback":{"url":"","id":""},"_background_hover_slideshow_gallery":[],"_mask_image":{"url":"","id":""}},"elements":[],"isInner":false,"widgetType":"divider","elType":"widget"}],"isInner":true,"elType":"column"},{"id":"4ea82b7","settings":{"_column_size":50,"_inline_size":67.906,"background_image":{"url":"","id":""},"background_image_tablet":{"url":"","id":""},"background_image_mobile":{"url":"","id":""},"background_video_fallback":{"url":"","id":""},"background_slideshow_gallery":[],"background_hover_image":{"url":"","id":""},"background_hover_image_tablet":{"url":"","id":""},"background_hover_image_mobile":{"url":"","id":""},"background_hover_video_fallback":{"url":"","id":""},"background_hover_slideshow_gallery":[],"background_overlay_image":{"url":"","id":""},"background_overlay_image_tablet":{"url":"","id":""},"background_overlay_image_mobile":{"url":"","id":""},"background_overlay_video_fallback":{"url":"","id":""},"background_overlay_slideshow_gallery":[],"background_overlay_hover_image":{"url":"","id":""},"background_overlay_hover_image_tablet":{"url":"","id":""},"background_overlay_hover_image_mobile":{"url":"","id":""},"background_overlay_hover_video_fallback":{"url":"","id":""},"background_overlay_hover_slideshow_gallery":[]},"elements":[],"isInner":true,"elType":"column"}],"isInner":true,"elType":"section"}],"isInner":false,"elType":"column"}],"isInner":false,"elType":"section"},{"id":"3e9f1083","settings":{"margin":{"unit":"px","top":"-33","right":0,"bottom":"0","left":0,"isLinked":false},"background_image":{"url":"","id":""},"background_image_tablet":{"url":"","id":""},"background_image_mobile":{"url":"","id":""},"background_video_fallback":{"url":"","id":""},"background_slideshow_gallery":[],"background_hover_image":{"url":"","id":""},"background_hover_image_tablet":{"url":"","id":""},"background_hover_image_mobile":{"url":"","id":""},"background_hover_video_fallback":{"url":"","id":""},"background_hover_slideshow_gallery":[],"background_overlay_image":{"url":"","id":""},"background_overlay_image_tablet":{"url":"","id":""},"background_overlay_image_mobile":{"url":"","id":""},"background_overlay_video_fallback":{"url":"","id":""},"background_overlay_slideshow_gallery":[],"background_overlay_hover_image":{"url":"","id":""},"background_overlay_hover_image_tablet":{"url":"","id":""},"background_overlay_hover_image_mobile":{"url":"","id":""},"background_overlay_hover_video_fallback":{"url":"","id":""},"background_overlay_hover_slideshow_gallery":[]},"elements":[{"id":"2eb293ab","settings":{"_column_size":100,"_inline_size":null,"background_image":{"url":"","id":""},"background_image_tablet":{"url":"","id":""},"background_image_mobile":{"url":"","id":""},"background_video_fallback":{"url":"","id":""},"background_slideshow_gallery":[],"background_hover_image":{"url":"","id":""},"background_hover_image_tablet":{"url":"","id":""},"background_hover_image_mobile":{"url":"","id":""},"background_hover_video_fallback":{"url":"","id":""},"background_hover_slideshow_gallery":[],"background_overlay_image":{"url":"","id":""},"background_overlay_image_tablet":{"url":"","id":""},"background_overlay_image_mobile":{"url":"","id":""},"background_overlay_video_fallback":{"url":"","id":""},"background_overlay_slideshow_gallery":[],"background_overlay_hover_image":{"url":"","id":""},"background_overlay_hover_image_tablet":{"url":"","id":""},"background_overlay_hover_image_mobile":{"url":"","id":""},"background_overlay_hover_video_fallback":{"url":"","id":""},"background_overlay_hover_slideshow_gallery":[]},"elements":[{"id":"19c1b1a6","settings":{"eael_fg_items_to_show":"3","eael_fg_filter_duration":500,"eael_fg_grid_item_height":"300","eael_section_fg_link_icon_new":{"value":"","library":""},"eael_section_fg_full_image_clickable":"yes","eael_fg_all_label_text":"All","eael_fg_controls":[{"eael_fg_control":"Gallery Item","_id":"f05f334"}],"eael_fg_gallery_items":[{"eael_fg_gallery_item_name":"Projeto 1","eael_fg_gallery_item_video_link":"https:\/\/www.youtube.com\/watch?v=kB4U67tiQLA","fg_item_price":"$20.00","fg_item_ratings":"5","fg_item_cat":"Essential Addons","eael_fg_gallery_item_content":"<p>Descri\u00e7\u00e3o de algum projeto<\/p>","_id":"0ce7cb3","fg_video_gallery_switch":"false","eael_fg_gallery_control_name":"","fg_item_price_switch":"false","fg_item_ratings_switch":"false","fg_item_cat_switch":"false","eael_fg_gallery_img":{"id":140,"url":"http:\/\/172.18.254.92\/wp-content\/uploads\/2021\/07\/flexia-preview-6.jpg"},"fg_video_gallery_play_icon":{"id":141,"url":"http:\/\/172.18.254.92\/wp-content\/uploads\/2021\/07\/play-icon-6.png"},"eael_fg_gallery_lightbox":"true","eael_fg_gallery_link":"true","eael_fg_gallery_img_link":{"url":"#","is_external":"","nofollow":"","custom_attributes":""}},{"eael_fg_gallery_item_name":"Projeto 2","_id":"eb15eb6","eael_fg_gallery_item_video_link":"https:\/\/www.youtube.com\/watch?v=kB4U67tiQLA","fg_item_price":"$20.00","fg_item_ratings":"5","fg_item_cat":"Essential Addons","eael_fg_gallery_item_content":"<p>Informa\u00e7\u00f5es de algum projeto<\/p>","fg_video_gallery_switch":"false","eael_fg_gallery_control_name":"","fg_item_price_switch":"false","fg_item_ratings_switch":"false","fg_item_cat_switch":"false","eael_fg_gallery_img":{"id":142,"url":"http:\/\/172.18.254.92\/wp-content\/uploads\/2021\/07\/flexia-preview-7.jpg"},"fg_video_gallery_play_icon":{"id":143,"url":"http:\/\/172.18.254.92\/wp-content\/uploads\/2021\/07\/play-icon-7.png"},"eael_fg_gallery_lightbox":"true","eael_fg_gallery_link":"true","eael_fg_gallery_img_link":{"url":"#","is_external":"","nofollow":"","custom_attributes":""}},{"eael_fg_gallery_item_name":"Projeto 3","_id":"1e97d8e","eael_fg_gallery_item_video_link":"https:\/\/www.youtube.com\/watch?v=kB4U67tiQLA","fg_item_price":"$20.00","fg_item_ratings":"5","fg_item_cat":"Essential Addons","eael_fg_gallery_item_content":"<p>Informa\u00e7\u00f5es de projetos<\/p>","fg_video_gallery_switch":"false","eael_fg_gallery_control_name":"","fg_item_price_switch":"false","fg_item_ratings_switch":"false","fg_item_cat_switch":"false","eael_fg_gallery_img":{"id":144,"url":"http:\/\/172.18.254.92\/wp-content\/uploads\/2021\/07\/flexia-preview-8.jpg"},"fg_video_gallery_play_icon":{"id":145,"url":"http:\/\/172.18.254.92\/wp-content\/uploads\/2021\/07\/play-icon-8.png"},"eael_fg_gallery_lightbox":"true","eael_fg_gallery_link":"true","eael_fg_gallery_img_link":{"url":"#","is_external":"","nofollow":"","custom_attributes":""}}],"pagination":"yes","images_per_page":6,"load_more_text":"Veja mais","nomore_items_text":"No more items!","eael_fg_control_typography_typography":"custom","eael_fg_control_normal_text_color":"#FFFFFF","eael_fg_control_active_bg_color":"#FFFFFF","eael_fg_video_item_icon_hover_scale":"1.1","fg_sf_placeholder":"Search Gallery Item...","eael_section_fg_zoom_icon_new":{"value":"fas fa-search-plus","library":"fa-solid"},"fg_all_label_icon":{"value":"fas fa-angle-down","library":"fa-solid"},"load_more_icon_new":{"value":"","library":""},"fg_item_category_background_image":{"url":"","id":""},"fg_item_category_background_image_tablet":{"url":"","id":""},"fg_item_category_background_image_mobile":{"url":"","id":""},"fg_item_category_background_video_fallback":{"url":"","id":""},"fg_item_category_background_slideshow_gallery":[],"fg_sf_dropdown_bg_video_fallback":{"url":"","id":""},"fg_sf_dropdown_bg_slideshow_gallery":[],"_background_image":{"url":"","id":""},"_background_image_tablet":{"url":"","id":""},"_background_image_mobile":{"url":"","id":""},"_background_video_fallback":{"url":"","id":""},"_background_slideshow_gallery":[],"_background_hover_image":{"url":"","id":""},"_background_hover_image_tablet":{"url":"","id":""},"_background_hover_image_mobile":{"url":"","id":""},"_background_hover_video_fallback":{"url":"","id":""},"_background_hover_slideshow_gallery":[],"_mask_image":{"url":"","id":""}},"elements":[],"isInner":false,"widgetType":"eael-filterable-gallery","elType":"widget"}],"isInner":false,"elType":"column"}],"isInner":false,"elType":"section"},{"id":"5cb1d8b7","settings":{"background_image":{"url":"","id":""},"background_image_tablet":{"url":"","id":""},"background_image_mobile":{"url":"","id":""},"background_video_fallback":{"url":"","id":""},"background_slideshow_gallery":[],"background_hover_image":{"url":"","id":""},"background_hover_image_tablet":{"url":"","id":""},"background_hover_image_mobile":{"url":"","id":""},"background_hover_video_fallback":{"url":"","id":""},"background_hover_slideshow_gallery":[],"background_overlay_image":{"url":"","id":""},"background_overlay_image_tablet":{"url":"","id":""},"background_overlay_image_mobile":{"url":"","id":""},"background_overlay_video_fallback":{"url":"","id":""},"background_overlay_slideshow_gallery":[],"background_overlay_hover_image":{"url":"","id":""},"background_overlay_hover_image_tablet":{"url":"","id":""},"background_overlay_hover_image_mobile":{"url":"","id":""},"background_overlay_hover_video_fallback":{"url":"","id":""},"background_overlay_hover_slideshow_gallery":[]},"elements":[{"id":"5821432b","settings":{"_column_size":100,"_inline_size":null,"background_image":{"url":"","id":""},"background_image_tablet":{"url":"","id":""},"background_image_mobile":{"url":"","id":""},"background_video_fallback":{"url":"","id":""},"background_slideshow_gallery":[],"background_hover_image":{"url":"","id":""},"background_hover_image_tablet":{"url":"","id":""},"background_hover_image_mobile":{"url":"","id":""},"background_hover_video_fallback":{"url":"","id":""},"background_hover_slideshow_gallery":[],"background_overlay_image":{"url":"","id":""},"background_overlay_image_tablet":{"url":"","id":""},"background_overlay_image_mobile":{"url":"","id":""},"background_overlay_video_fallback":{"url":"","id":""},"background_overlay_slideshow_gallery":[],"background_overlay_hover_image":{"url":"","id":""},"background_overlay_hover_image_tablet":{"url":"","id":""},"background_overlay_hover_image_mobile":{"url":"","id":""},"background_overlay_hover_video_fallback":{"url":"","id":""},"background_overlay_hover_slideshow_gallery":[]},"elements":[{"id":"2af52ad6","settings":{"space":{"unit":"px","size":82,"sizes":[]},"_background_image":{"url":"","id":""},"_background_image_tablet":{"url":"","id":""},"_background_image_mobile":{"url":"","id":""},"_background_video_fallback":{"url":"","id":""},"_background_slideshow_gallery":[],"_background_hover_image":{"url":"","id":""},"_background_hover_image_tablet":{"url":"","id":""},"_background_hover_image_mobile":{"url":"","id":""},"_background_hover_video_fallback":{"url":"","id":""},"_background_hover_slideshow_gallery":[],"_mask_image":{"url":"","id":""}},"elements":[],"isInner":false,"widgetType":"spacer","elType":"widget"}],"isInner":false,"elType":"column"}],"isInner":false,"elType":"section"},{"id":"54ae033f","settings":{"background_background":"classic","background_color":"#F6F6F6","background_image":{"url":"","id":""},"background_image_tablet":{"url":"","id":""},"background_image_mobile":{"url":"","id":""},"background_video_fallback":{"url":"","id":""},"background_slideshow_gallery":[],"background_hover_image":{"url":"","id":""},"background_hover_image_tablet":{"url":"","id":""},"background_hover_image_mobile":{"url":"","id":""},"background_hover_video_fallback":{"url":"","id":""},"background_hover_slideshow_gallery":[],"background_overlay_image":{"url":"","id":""},"background_overlay_image_tablet":{"url":"","id":""},"background_overlay_image_mobile":{"url":"","id":""},"background_overlay_video_fallback":{"url":"","id":""},"background_overlay_slideshow_gallery":[],"background_overlay_hover_image":{"url":"","id":""},"background_overlay_hover_image_tablet":{"url":"","id":""},"background_overlay_hover_image_mobile":{"url":"","id":""},"background_overlay_hover_video_fallback":{"url":"","id":""},"background_overlay_hover_slideshow_gallery":[]},"elements":[{"id":"7ef676e6","settings":{"_column_size":100,"_inline_size":null,"background_image":{"url":"","id":""},"background_image_tablet":{"url":"","id":""},"background_image_mobile":{"url":"","id":""},"background_video_fallback":{"url":"","id":""},"background_slideshow_gallery":[],"background_hover_image":{"url":"","id":""},"background_hover_image_tablet":{"url":"","id":""},"background_hover_image_mobile":{"url":"","id":""},"background_hover_video_fallback":{"url":"","id":""},"background_hover_slideshow_gallery":[],"background_overlay_image":{"url":"","id":""},"background_overlay_image_tablet":{"url":"","id":""},"background_overlay_image_mobile":{"url":"","id":""},"background_overlay_video_fallback":{"url":"","id":""},"background_overlay_slideshow_gallery":[],"background_overlay_hover_image":{"url":"","id":""},"background_overlay_hover_image_tablet":{"url":"","id":""},"background_overlay_hover_image_mobile":{"url":"","id":""},"background_overlay_hover_video_fallback":{"url":"","id":""},"background_overlay_hover_slideshow_gallery":[]},"elements":[{"id":"74d4a383","settings":{"space":{"unit":"px","size":26,"sizes":[]},"_background_image":{"url":"","id":""},"_background_image_tablet":{"url":"","id":""},"_background_image_mobile":{"url":"","id":""},"_background_video_fallback":{"url":"","id":""},"_background_slideshow_gallery":[],"_background_hover_image":{"url":"","id":""},"_background_hover_image_tablet":{"url":"","id":""},"_background_hover_image_mobile":{"url":"","id":""},"_background_hover_video_fallback":{"url":"","id":""},"_background_hover_slideshow_gallery":[],"_mask_image":{"url":"","id":""}},"elements":[],"isInner":false,"widgetType":"spacer","elType":"widget"},{"id":"1a3ff228","settings":{"structure":"30","background_image":{"url":"","id":""},"background_image_tablet":{"url":"","id":""},"background_image_mobile":{"url":"","id":""},"background_video_fallback":{"url":"","id":""},"background_slideshow_gallery":[],"background_hover_image":{"url":"","id":""},"background_hover_image_tablet":{"url":"","id":""},"background_hover_image_mobile":{"url":"","id":""},"background_hover_video_fallback":{"url":"","id":""},"background_hover_slideshow_gallery":[],"background_overlay_image":{"url":"","id":""},"background_overlay_image_tablet":{"url":"","id":""},"background_overlay_image_mobile":{"url":"","id":""},"background_overlay_video_fallback":{"url":"","id":""},"background_overlay_slideshow_gallery":[],"background_overlay_hover_image":{"url":"","id":""},"background_overlay_hover_image_tablet":{"url":"","id":""},"background_overlay_hover_image_mobile":{"url":"","id":""},"background_overlay_hover_video_fallback":{"url":"","id":""},"background_overlay_hover_slideshow_gallery":[]},"elements":[{"id":"4dc099da","settings":{"_column_size":33,"_inline_size":16.007,"background_image":{"url":"","id":""},"background_image_tablet":{"url":"","id":""},"background_image_mobile":{"url":"","id":""},"background_video_fallback":{"url":"","id":""},"background_slideshow_gallery":[],"background_hover_image":{"url":"","id":""},"background_hover_image_tablet":{"url":"","id":""},"background_hover_image_mobile":{"url":"","id":""},"background_hover_video_fallback":{"url":"","id":""},"background_hover_slideshow_gallery":[],"background_overlay_image":{"url":"","id":""},"background_overlay_image_tablet":{"url":"","id":""},"background_overlay_image_mobile":{"url":"","id":""},"background_overlay_video_fallback":{"url":"","id":""},"background_overlay_slideshow_gallery":[],"background_overlay_hover_image":{"url":"","id":""},"background_overlay_hover_image_tablet":{"url":"","id":""},"background_overlay_hover_image_mobile":{"url":"","id":""},"background_overlay_hover_video_fallback":{"url":"","id":""},"background_overlay_hover_slideshow_gallery":[]},"elements":[],"isInner":true,"elType":"column"},{"id":"2d62abe7","settings":{"_column_size":33,"_inline_size":67.071,"background_image":{"url":"","id":""},"background_image_tablet":{"url":"","id":""},"background_image_mobile":{"url":"","id":""},"background_video_fallback":{"url":"","id":""},"background_slideshow_gallery":[],"background_hover_image":{"url":"","id":""},"background_hover_image_tablet":{"url":"","id":""},"background_hover_image_mobile":{"url":"","id":""},"background_hover_video_fallback":{"url":"","id":""},"background_hover_slideshow_gallery":[],"background_overlay_image":{"url":"","id":""},"background_overlay_image_tablet":{"url":"","id":""},"background_overlay_image_mobile":{"url":"","id":""},"background_overlay_video_fallback":{"url":"","id":""},"background_overlay_slideshow_gallery":[],"background_overlay_hover_image":{"url":"","id":""},"background_overlay_hover_image_tablet":{"url":"","id":""},"background_overlay_hover_image_mobile":{"url":"","id":""},"background_overlay_hover_video_fallback":{"url":"","id":""},"background_overlay_hover_slideshow_gallery":[]},"elements":[{"id":"15be1996","settings":{"title":"Fale conosco!","align":"center","title_color":"#383838","typography_typography":"custom","typography_font_family":"Roboto","typography_font_size":{"unit":"px","size":43,"sizes":[]},"typography_font_weight":"600","_margin":{"unit":"px","top":"0","right":"0","bottom":"0","left":"0","isLinked":false},"_background_image":{"url":"","id":""},"_background_image_tablet":{"url":"","id":""},"_background_image_mobile":{"url":"","id":""},"_background_video_fallback":{"url":"","id":""},"_background_slideshow_gallery":[],"_background_hover_image":{"url":"","id":""},"_background_hover_image_tablet":{"url":"","id":""},"_background_hover_image_mobile":{"url":"","id":""},"_background_hover_video_fallback":{"url":"","id":""},"_background_hover_slideshow_gallery":[],"_mask_image":{"url":"","id":""}},"elements":[],"isInner":false,"widgetType":"heading","elType":"widget"}],"isInner":true,"elType":"column"},{"id":"474f3ec3","settings":{"_column_size":33,"_inline_size":16.411,"background_image":{"url":"","id":""},"background_image_tablet":{"url":"","id":""},"background_image_mobile":{"url":"","id":""},"background_video_fallback":{"url":"","id":""},"background_slideshow_gallery":[],"background_hover_image":{"url":"","id":""},"background_hover_image_tablet":{"url":"","id":""},"background_hover_image_mobile":{"url":"","id":""},"background_hover_video_fallback":{"url":"","id":""},"background_hover_slideshow_gallery":[],"background_overlay_image":{"url":"","id":""},"background_overlay_image_tablet":{"url":"","id":""},"background_overlay_image_mobile":{"url":"","id":""},"background_overlay_video_fallback":{"url":"","id":""},"background_overlay_slideshow_gallery":[],"background_overlay_hover_image":{"url":"","id":""},"background_overlay_hover_image_tablet":{"url":"","id":""},"background_overlay_hover_image_mobile":{"url":"","id":""},"background_overlay_hover_video_fallback":{"url":"","id":""},"background_overlay_hover_slideshow_gallery":[]},"elements":[],"isInner":true,"elType":"column"}],"isInner":true,"elType":"section"}],"isInner":false,"elType":"column"}],"isInner":false,"elType":"section"},{"id":"16970e8b","settings":{"structure":"30","background_background":"classic","background_color":"#F6F6F6","background_image":{"url":"","id":""},"background_image_tablet":{"url":"","id":""},"background_image_mobile":{"url":"","id":""},"background_video_fallback":{"url":"","id":""},"background_slideshow_gallery":[],"background_hover_image":{"url":"","id":""},"background_hover_image_tablet":{"url":"","id":""},"background_hover_image_mobile":{"url":"","id":""},"background_hover_video_fallback":{"url":"","id":""},"background_hover_slideshow_gallery":[],"background_overlay_image":{"url":"","id":""},"background_overlay_image_tablet":{"url":"","id":""},"background_overlay_image_mobile":{"url":"","id":""},"background_overlay_video_fallback":{"url":"","id":""},"background_overlay_slideshow_gallery":[],"background_overlay_hover_image":{"url":"","id":""},"background_overlay_hover_image_tablet":{"url":"","id":""},"background_overlay_hover_image_mobile":{"url":"","id":""},"background_overlay_hover_video_fallback":{"url":"","id":""},"background_overlay_hover_slideshow_gallery":[]},"elements":[{"id":"7873c1d8","settings":{"_column_size":33,"_inline_size":8.119,"background_image":{"url":"","id":""},"background_image_tablet":{"url":"","id":""},"background_image_mobile":{"url":"","id":""},"background_video_fallback":{"url":"","id":""},"background_slideshow_gallery":[],"background_hover_image":{"url":"","id":""},"background_hover_image_tablet":{"url":"","id":""},"background_hover_image_mobile":{"url":"","id":""},"background_hover_video_fallback":{"url":"","id":""},"background_hover_slideshow_gallery":[],"background_overlay_image":{"url":"","id":""},"background_overlay_image_tablet":{"url":"","id":""},"background_overlay_image_mobile":{"url":"","id":""},"background_overlay_video_fallback":{"url":"","id":""},"background_overlay_slideshow_gallery":[],"background_overlay_hover_image":{"url":"","id":""},"background_overlay_hover_image_tablet":{"url":"","id":""},"background_overlay_hover_image_mobile":{"url":"","id":""},"background_overlay_hover_video_fallback":{"url":"","id":""},"background_overlay_hover_slideshow_gallery":[]},"elements":[],"isInner":false,"elType":"column"},{"id":"5f85c47a","settings":{"_column_size":33,"_inline_size":84.555,"background_image":{"url":"","id":""},"background_image_tablet":{"url":"","id":""},"background_image_mobile":{"url":"","id":""},"background_video_fallback":{"url":"","id":""},"background_slideshow_gallery":[],"background_hover_image":{"url":"","id":""},"background_hover_image_tablet":{"url":"","id":""},"background_hover_image_mobile":{"url":"","id":""},"background_hover_video_fallback":{"url":"","id":""},"background_hover_slideshow_gallery":[],"background_overlay_image":{"url":"","id":""},"background_overlay_image_tablet":{"url":"","id":""},"background_overlay_image_mobile":{"url":"","id":""},"background_overlay_video_fallback":{"url":"","id":""},"background_overlay_slideshow_gallery":[],"background_overlay_hover_image":{"url":"","id":""},"background_overlay_hover_image_tablet":{"url":"","id":""},"background_overlay_hover_image_mobile":{"url":"","id":""},"background_overlay_hover_video_fallback":{"url":"","id":""},"background_overlay_hover_slideshow_gallery":[]},"elements":[{"id":"2f44b7b5","settings":{"contact_form_list":"6","heading_alignment":"left","title_typography_typography":"custom","title_typography_font_family":"Roboto","title_typography_font_size":{"unit":"px","size":1,"sizes":[]},"title_typography_font_weight":"500","description_typography_typography":"custom","description_typography_font_family":"Roboto","description_typography_font_size":{"unit":"px","size":1,"sizes":[]},"description_typography_font_weight":"500","input_spacing":{"unit":"px","size":0,"sizes":[]},"text_indent":{"unit":"px","size":0,"sizes":[]},"input_width":{"unit":"px","size":861,"sizes":[]},"input_height":{"unit":"px","size":0,"sizes":[]},"textarea_width":{"unit":"px","size":0,"sizes":[]},"textarea_height":{"unit":"px","size":0,"sizes":[]},"field_typography_typography":"custom","field_typography_font_family":"Roboto","field_typography_font_size":{"unit":"px","size":1,"sizes":[]},"field_typography_font_weight":"500","label_spacing":{"unit":"px","size":0,"sizes":[]},"typography_placeholder_typography":"custom","typography_placeholder_font_family":"Roboto","typography_placeholder_font_size":{"unit":"px","size":1,"sizes":[]},"typography_placeholder_font_weight":"500","button_align":"center","button_width":{"unit":"px","size":124,"sizes":[]},"button_bg_color_normal":"#A2CF55","eael_contact_form_background_image":{"url":"","id":""},"eael_contact_form_background_image_tablet":{"url":"","id":""},"eael_contact_form_background_image_mobile":{"url":"","id":""},"eael_contact_form_background_video_fallback":{"url":"","id":""},"eael_contact_form_background_slideshow_gallery":[],"contact_form_after_submit_feedback_background_image":{"url":"","id":""},"contact_form_after_submit_feedback_background_image_tablet":{"url":"","id":""},"contact_form_after_submit_feedback_background_image_mobile":{"url":"","id":""},"contact_form_after_submit_feedback_background_video_fallback":{"url":"","id":""},"contact_form_after_submit_feedback_background_slideshow_gallery":[],"_background_image":{"url":"","id":""},"_background_image_tablet":{"url":"","id":""},"_background_image_mobile":{"url":"","id":""},"_background_video_fallback":{"url":"","id":""},"_background_slideshow_gallery":[],"_background_hover_image":{"url":"","id":""},"_background_hover_image_tablet":{"url":"","id":""},"_background_hover_image_mobile":{"url":"","id":""},"_background_hover_video_fallback":{"url":"","id":""},"_background_hover_slideshow_gallery":[],"_mask_image":{"url":"","id":""}},"elements":[],"isInner":false,"widgetType":"eael-contact-form-7","elType":"widget"},{"id":"521c739e","settings":{"space":{"unit":"px","size":58,"sizes":[]},"_background_image":{"url":"","id":""},"_background_image_tablet":{"url":"","id":""},"_background_image_mobile":{"url":"","id":""},"_background_video_fallback":{"url":"","id":""},"_background_slideshow_gallery":[],"_background_hover_image":{"url":"","id":""},"_background_hover_image_tablet":{"url":"","id":""},"_background_hover_image_mobile":{"url":"","id":""},"_background_hover_video_fallback":{"url":"","id":""},"_background_hover_slideshow_gallery":[],"_mask_image":{"url":"","id":""}},"elements":[],"isInner":false,"widgetType":"spacer","elType":"widget"}],"isInner":false,"elType":"column"},{"id":"660dbba7","settings":{"_column_size":33,"_inline_size":6.99,"background_image":{"url":"","id":""},"background_image_tablet":{"url":"","id":""},"background_image_mobile":{"url":"","id":""},"background_video_fallback":{"url":"","id":""},"background_slideshow_gallery":[],"background_hover_image":{"url":"","id":""},"background_hover_image_tablet":{"url":"","id":""},"background_hover_image_mobile":{"url":"","id":""},"background_hover_video_fallback":{"url":"","id":""},"background_hover_slideshow_gallery":[],"background_overlay_image":{"url":"","id":""},"background_overlay_image_tablet":{"url":"","id":""},"background_overlay_image_mobile":{"url":"","id":""},"background_overlay_video_fallback":{"url":"","id":""},"background_overlay_slideshow_gallery":[],"background_overlay_hover_image":{"url":"","id":""},"background_overlay_hover_image_tablet":{"url":"","id":""},"background_overlay_hover_image_mobile":{"url":"","id":""},"background_overlay_hover_video_fallback":{"url":"","id":""},"background_overlay_hover_slideshow_gallery":[]},"elements":[],"isInner":false,"elType":"column"}],"isInner":false,"elType":"section"},{"id":"1e868957","settings":{"background_background":"classic","background_color":"#2C3448","layout":"full_width","background_image":{"url":"","id":""},"background_image_tablet":{"url":"","id":""},"background_image_mobile":{"url":"","id":""},"background_video_fallback":{"url":"","id":""},"background_slideshow_gallery":[],"background_hover_image":{"url":"","id":""},"background_hover_image_tablet":{"url":"","id":""},"background_hover_image_mobile":{"url":"","id":""},"background_hover_video_fallback":{"url":"","id":""},"background_hover_slideshow_gallery":[],"background_overlay_image":{"url":"","id":""},"background_overlay_image_tablet":{"url":"","id":""},"background_overlay_image_mobile":{"url":"","id":""},"background_overlay_video_fallback":{"url":"","id":""},"background_overlay_slideshow_gallery":[],"background_overlay_hover_image":{"url":"","id":""},"background_overlay_hover_image_tablet":{"url":"","id":""},"background_overlay_hover_image_mobile":{"url":"","id":""},"background_overlay_hover_video_fallback":{"url":"","id":""},"background_overlay_hover_slideshow_gallery":[]},"elements":[{"id":"43e866af","settings":{"_column_size":100,"_inline_size":null,"background_image":{"url":"","id":""},"background_image_tablet":{"url":"","id":""},"background_image_mobile":{"url":"","id":""},"background_video_fallback":{"url":"","id":""},"background_slideshow_gallery":[],"background_hover_image":{"url":"","id":""},"background_hover_image_tablet":{"url":"","id":""},"background_hover_image_mobile":{"url":"","id":""},"background_hover_video_fallback":{"url":"","id":""},"background_hover_slideshow_gallery":[],"background_overlay_image":{"url":"","id":""},"background_overlay_image_tablet":{"url":"","id":""},"background_overlay_image_mobile":{"url":"","id":""},"background_overlay_video_fallback":{"url":"","id":""},"background_overlay_slideshow_gallery":[],"background_overlay_hover_image":{"url":"","id":""},"background_overlay_hover_image_tablet":{"url":"","id":""},"background_overlay_hover_image_mobile":{"url":"","id":""},"background_overlay_hover_video_fallback":{"url":"","id":""},"background_overlay_hover_slideshow_gallery":[]},"elements":[{"id":"3f843d0e","settings":{"space":{"unit":"px","size":10,"sizes":[]},"_background_image":{"url":"","id":""},"_background_image_tablet":{"url":"","id":""},"_background_image_mobile":{"url":"","id":""},"_background_video_fallback":{"url":"","id":""},"_background_slideshow_gallery":[],"_background_hover_image":{"url":"","id":""},"_background_hover_image_tablet":{"url":"","id":""},"_background_hover_image_mobile":{"url":"","id":""},"_background_hover_video_fallback":{"url":"","id":""},"_background_hover_slideshow_gallery":[],"_mask_image":{"url":"","id":""}},"elements":[],"isInner":false,"widgetType":"spacer","elType":"widget"},{"id":"24a7122","settings":{"structure":"30","background_image":{"url":"","id":""},"background_image_tablet":{"url":"","id":""},"background_image_mobile":{"url":"","id":""},"background_video_fallback":{"url":"","id":""},"background_slideshow_gallery":[],"background_hover_image":{"url":"","id":""},"background_hover_image_tablet":{"url":"","id":""},"background_hover_image_mobile":{"url":"","id":""},"background_hover_video_fallback":{"url":"","id":""},"background_hover_slideshow_gallery":[],"background_overlay_image":{"url":"","id":""},"background_overlay_image_tablet":{"url":"","id":""},"background_overlay_image_mobile":{"url":"","id":""},"background_overlay_video_fallback":{"url":"","id":""},"background_overlay_slideshow_gallery":[],"background_overlay_hover_image":{"url":"","id":""},"background_overlay_hover_image_tablet":{"url":"","id":""},"background_overlay_hover_image_mobile":{"url":"","id":""},"background_overlay_hover_video_fallback":{"url":"","id":""},"background_overlay_hover_slideshow_gallery":[]},"elements":[{"id":"22bee833","settings":{"_column_size":33,"_inline_size":null,"background_image":{"url":"","id":""},"background_image_tablet":{"url":"","id":""},"background_image_mobile":{"url":"","id":""},"background_video_fallback":{"url":"","id":""},"background_slideshow_gallery":[],"background_hover_image":{"url":"","id":""},"background_hover_image_tablet":{"url":"","id":""},"background_hover_image_mobile":{"url":"","id":""},"background_hover_video_fallback":{"url":"","id":""},"background_hover_slideshow_gallery":[],"background_overlay_image":{"url":"","id":""},"background_overlay_image_tablet":{"url":"","id":""},"background_overlay_image_mobile":{"url":"","id":""},"background_overlay_video_fallback":{"url":"","id":""},"background_overlay_slideshow_gallery":[],"background_overlay_hover_image":{"url":"","id":""},"background_overlay_hover_image_tablet":{"url":"","id":""},"background_overlay_hover_image_mobile":{"url":"","id":""},"background_overlay_hover_video_fallback":{"url":"","id":""},"background_overlay_hover_slideshow_gallery":[]},"elements":[{"id":"371f017c","settings":{"space":{"unit":"px","size":10,"sizes":[]},"_background_image":{"url":"","id":""},"_background_image_tablet":{"url":"","id":""},"_background_image_mobile":{"url":"","id":""},"_background_video_fallback":{"url":"","id":""},"_background_slideshow_gallery":[],"_background_hover_image":{"url":"","id":""},"_background_hover_image_tablet":{"url":"","id":""},"_background_hover_image_mobile":{"url":"","id":""},"_background_hover_video_fallback":{"url":"","id":""},"_background_hover_slideshow_gallery":[],"_mask_image":{"url":"","id":""}},"elements":[],"isInner":false,"widgetType":"spacer","elType":"widget"},{"id":"34ded468","settings":{"image":{"id":"","url":"http:\/\/172.18.254.92\/wp-content\/plugins\/elementor\/assets\/images\/placeholder.png"},"_background_image":{"url":"","id":""},"_background_image_tablet":{"url":"","id":""},"_background_image_mobile":{"url":"","id":""},"_background_video_fallback":{"url":"","id":""},"_background_slideshow_gallery":[],"_background_hover_image":{"url":"","id":""},"_background_hover_image_tablet":{"url":"","id":""},"_background_hover_image_mobile":{"url":"","id":""},"_background_hover_video_fallback":{"url":"","id":""},"_background_hover_slideshow_gallery":[],"_mask_image":{"url":"","id":""}},"elements":[],"isInner":false,"widgetType":"image","elType":"widget"},{"id":"22b62181","settings":{"space":{"unit":"px","size":53,"sizes":[]},"_background_image":{"url":"","id":""},"_background_image_tablet":{"url":"","id":""},"_background_image_mobile":{"url":"","id":""},"_background_video_fallback":{"url":"","id":""},"_background_slideshow_gallery":[],"_background_hover_image":{"url":"","id":""},"_background_hover_image_tablet":{"url":"","id":""},"_background_hover_image_mobile":{"url":"","id":""},"_background_hover_video_fallback":{"url":"","id":""},"_background_hover_slideshow_gallery":[],"_mask_image":{"url":"","id":""}},"elements":[],"isInner":false,"widgetType":"spacer","elType":"widget"}],"isInner":true,"elType":"column"},{"id":"625a36e0","settings":{"_column_size":33,"_inline_size":null,"background_image":{"url":"","id":""},"background_image_tablet":{"url":"","id":""},"background_image_mobile":{"url":"","id":""},"background_video_fallback":{"url":"","id":""},"background_slideshow_gallery":[],"background_hover_image":{"url":"","id":""},"background_hover_image_tablet":{"url":"","id":""},"background_hover_image_mobile":{"url":"","id":""},"background_hover_video_fallback":{"url":"","id":""},"background_hover_slideshow_gallery":[],"background_overlay_image":{"url":"","id":""},"background_overlay_image_tablet":{"url":"","id":""},"background_overlay_image_mobile":{"url":"","id":""},"background_overlay_video_fallback":{"url":"","id":""},"background_overlay_slideshow_gallery":[],"background_overlay_hover_image":{"url":"","id":""},"background_overlay_hover_image_tablet":{"url":"","id":""},"background_overlay_hover_image_mobile":{"url":"","id":""},"background_overlay_hover_video_fallback":{"url":"","id":""},"background_overlay_hover_slideshow_gallery":[]},"elements":[{"id":"c156156","settings":{"title":"Informa\u00e7\u00f5es","title_color":"#FFFFFF","typography_typography":"custom","typography_font_family":"Roboto","typography_font_size":{"unit":"px","size":23,"sizes":[]},"typography_font_weight":"600","_background_image":{"url":"","id":""},"_background_image_tablet":{"url":"","id":""},"_background_image_mobile":{"url":"","id":""},"_background_video_fallback":{"url":"","id":""},"_background_slideshow_gallery":[],"_background_hover_image":{"url":"","id":""},"_background_hover_image_tablet":{"url":"","id":""},"_background_hover_image_mobile":{"url":"","id":""},"_background_hover_video_fallback":{"url":"","id":""},"_background_hover_slideshow_gallery":[],"_mask_image":{"url":"","id":""}},"elements":[],"isInner":false,"widgetType":"heading","elType":"widget"},{"id":"f5c1030","settings":{"editor":"<p><strong>Endere\u00e7o:<\/strong><\/p><p>Endere\u00e7o Sede: Av. dos Holandeses, n\u00b0 04, Quadra 06, Edif\u00edcio Manhattan, Calhau S\u00e3o Lu\u00eds - Maranh\u00e3o CEP: 65071-380.<\/p>","text_color":"#FFFFFF","_background_image":{"url":"","id":""},"_background_image_tablet":{"url":"","id":""},"_background_image_mobile":{"url":"","id":""},"_background_video_fallback":{"url":"","id":""},"_background_slideshow_gallery":[],"_background_hover_image":{"url":"","id":""},"_background_hover_image_tablet":{"url":"","id":""},"_background_hover_image_mobile":{"url":"","id":""},"_background_hover_video_fallback":{"url":"","id":""},"_background_hover_slideshow_gallery":[],"_mask_image":{"url":"","id":""}},"elements":[],"isInner":false,"widgetType":"text-editor","elType":"widget"}],"isInner":true,"elType":"column"},{"id":"29830e48","settings":{"_column_size":33,"_inline_size":null,"background_image":{"url":"","id":""},"background_image_tablet":{"url":"","id":""},"background_image_mobile":{"url":"","id":""},"background_video_fallback":{"url":"","id":""},"background_slideshow_gallery":[],"background_hover_image":{"url":"","id":""},"background_hover_image_tablet":{"url":"","id":""},"background_hover_image_mobile":{"url":"","id":""},"background_hover_video_fallback":{"url":"","id":""},"background_hover_slideshow_gallery":[],"background_overlay_image":{"url":"","id":""},"background_overlay_image_tablet":{"url":"","id":""},"background_overlay_image_mobile":{"url":"","id":""},"background_overlay_video_fallback":{"url":"","id":""},"background_overlay_slideshow_gallery":[],"background_overlay_hover_image":{"url":"","id":""},"background_overlay_hover_image_tablet":{"url":"","id":""},"background_overlay_hover_image_mobile":{"url":"","id":""},"background_overlay_hover_video_fallback":{"url":"","id":""},"background_overlay_hover_slideshow_gallery":[]},"elements":[{"id":"32ebb631","settings":{"space":{"unit":"px","size":27,"sizes":[]},"_background_image":{"url":"","id":""},"_background_image_tablet":{"url":"","id":""},"_background_image_mobile":{"url":"","id":""},"_background_video_fallback":{"url":"","id":""},"_background_slideshow_gallery":[],"_background_hover_image":{"url":"","id":""},"_background_hover_image_tablet":{"url":"","id":""},"_background_hover_image_mobile":{"url":"","id":""},"_background_hover_video_fallback":{"url":"","id":""},"_background_hover_slideshow_gallery":[],"_mask_image":{"url":"","id":""}},"elements":[],"isInner":false,"widgetType":"spacer","elType":"widget"},{"id":"58e815a1","settings":{"editor":"<p><strong>Entre em contato:<\/strong><\/p>","align":"center","text_color":"#FFFFFF","_margin":{"unit":"px","top":"-7","right":"0","bottom":"0","left":"0","isLinked":false},"_background_image":{"url":"","id":""},"_background_image_tablet":{"url":"","id":""},"_background_image_mobile":{"url":"","id":""},"_background_video_fallback":{"url":"","id":""},"_background_slideshow_gallery":[],"_background_hover_image":{"url":"","id":""},"_background_hover_image_tablet":{"url":"","id":""},"_background_hover_image_mobile":{"url":"","id":""},"_background_hover_video_fallback":{"url":"","id":""},"_background_hover_slideshow_gallery":[],"_mask_image":{"url":"","id":""}},"elements":[],"isInner":false,"widgetType":"text-editor","elType":"widget"},{"id":"bc309ee","settings":{"social_icon_list":[{"social_icon":{"value":"fab fa-facebook","library":"fa-brands"},"_id":"ca1a3da","item_icon_color":"custom","item_icon_primary_color":"#1FA84C","item_icon_secondary_color":"#DDDDDD","link":{"url":"","is_external":"true","nofollow":"","custom_attributes":""}},{"social_icon":{"value":"fab fa-twitter","library":"fa-brands"},"_id":"ed94260","item_icon_color":"custom","item_icon_primary_color":"#1FA84C","item_icon_secondary_color":"#DDDDDD","link":{"url":"","is_external":"true","nofollow":"","custom_attributes":""}},{"social_icon":{"value":"fab fa-instagram","library":"fa-brands"},"_id":"7929992","item_icon_color":"custom","item_icon_primary_color":"#1FA84C","item_icon_secondary_color":"#DDDDDD","link":{"url":"","is_external":"true","nofollow":"","custom_attributes":""}}],"shape":"circle","icon_size":{"unit":"px","size":18,"sizes":[]},"_background_image":{"url":"","id":""},"_background_image_tablet":{"url":"","id":""},"_background_image_mobile":{"url":"","id":""},"_background_video_fallback":{"url":"","id":""},"_background_slideshow_gallery":[],"_background_hover_image":{"url":"","id":""},"_background_hover_image_tablet":{"url":"","id":""},"_background_hover_image_mobile":{"url":"","id":""},"_background_hover_video_fallback":{"url":"","id":""},"_background_hover_slideshow_gallery":[],"_mask_image":{"url":"","id":""}},"elements":[],"isInner":false,"widgetType":"social-icons","elType":"widget"}],"isInner":true,"elType":"column"}],"isInner":true,"elType":"section"}],"isInner":false,"elType":"column"}],"isInner":false,"elType":"section"}],"page_settings":{"eael_ext_toc_title":"Table of Contents","eael_ext_table_of_content_header_icon":{"value":"fas fa-list","library":"fa-solid"},"background_image":{"url":"","id":""},"background_image_tablet":{"url":"","id":""},"background_image_mobile":{"url":"","id":""},"background_video_fallback":{"url":"","id":""},"background_slideshow_gallery":[]},"version":"0.4","title":"eventos","type":"page"}