{"content":[{"id":"7fff22be","settings":{"structure":"60","margin":{"unit":"px","top":"10","right":0,"bottom":"0","left":0,"isLinked":false},"background_background":"slideshow"},"elements":[{"id":"5cbed05f","settings":{"_column_size":16,"_inline_size":41.829},"elements":[{"id":"518fafa2","settings":{"image":{"id":612,"url":"http:\/\/fmacbh.com.br\/wp-content\/uploads\/2021\/09\/BeautyPlus_20210923083222102_save.jpg","alt":"","source":"library"},"width":{"unit":"%","size":26,"sizes":[]},"link_to":"custom","link":{"url":"http:\/\/fmacbh.com.br\/","is_external":"","nofollow":"","custom_attributes":""},"width_mobile":{"unit":"%","size":57,"sizes":[]}},"elements":[],"isInner":false,"widgetType":"image","elType":"widget"}],"isInner":false,"elType":"column"},{"id":"23d18297","settings":{"_column_size":16,"_inline_size":9.074},"elements":[{"id":"3becbe72","settings":{"title":"In\u00edcio","align":"center","title_color":"#595959","typography_typography":"custom","typography_font_family":"Roboto","typography_font_size":{"unit":"px","size":18,"sizes":[]},"typography_font_weight":"600","link":{"url":"http:\/\/fmacbh.com.br\/","is_external":"","nofollow":"","custom_attributes":""},"_margin":{"unit":"px","top":"15","right":"0","bottom":"0","left":"0","isLinked":false}},"elements":[],"isInner":false,"widgetType":"heading","elType":"widget"}],"isInner":false,"elType":"column"},{"id":"41b76e41","settings":{"_column_size":16,"_inline_size":10.296},"elements":[{"id":"7559380","settings":{"title":" Sobre N\u00f3s","align":"center","title_color":"#595959","typography_typography":"custom","typography_font_family":"Roboto","typography_font_size":{"unit":"px","size":18,"sizes":[]},"typography_font_weight":"600","link":{"url":"http:\/\/fmacbh.com.br\/?page_id=34","is_external":"","nofollow":"","custom_attributes":""},"_margin":{"unit":"px","top":"015","right":"0","bottom":"0","left":"0","isLinked":false}},"elements":[],"isInner":false,"widgetType":"heading","elType":"widget"}],"isInner":false,"elType":"column"},{"id":"2fdcee3f","settings":{"_column_size":16,"_inline_size":10.482},"elements":[{"id":"709447cd","settings":{"menu":"menu-comites","navmenu_align":"right","menu_space_between":{"unit":"px","size":28,"sizes":[]},"menu_typography_typography":"custom","menu_typography_font_family":"Roboto","menu_typography_font_size":{"unit":"px","size":17,"sizes":[]},"menu_typography_font_weight":"600","color_menu_item":"#595858","color_menu_item_hover":"#1FA84C"},"elements":[],"isInner":false,"widgetType":"navigation-menu","elType":"widget"}],"isInner":false,"elType":"column"},{"id":"5f779d77","settings":{"_column_size":16,"_inline_size":15.719},"elements":[{"id":"2677936e","settings":{"title":"Documenta\u00e7\u00e3o","align":"center","title_color":"#595959","typography_typography":"custom","typography_font_family":"Roboto","typography_font_size":{"unit":"px","size":18,"sizes":[]},"typography_font_weight":"600","_margin":{"unit":"px","top":"015","right":"0","bottom":"0","left":"0","isLinked":false}},"elements":[],"isInner":false,"widgetType":"heading","elType":"widget"}],"isInner":false,"elType":"column"},{"id":"3aa1617c","settings":{"_column_size":16,"_inline_size":9.251},"elements":[{"id":"35a3ef99","settings":{"title":"Contatos","align":"center","title_color":"#595959","typography_typography":"custom","typography_font_family":"Roboto","typography_font_size":{"unit":"px","size":18,"sizes":[]},"typography_font_weight":"600","link":{"url":"http:\/\/fmacbh.com.br\/?page_id=28","is_external":"","nofollow":"","custom_attributes":""},"_margin":{"unit":"px","top":"015","right":"0","bottom":"0","left":"0","isLinked":false}},"elements":[],"isInner":false,"widgetType":"heading","elType":"widget"}],"isInner":false,"elType":"column"}],"isInner":false,"elType":"section"}],"page_settings":{"eael_ext_toc_title":"Table of Contents"},"version":"0.4","title":"menu_paginas","type":"section"}