{"content":[{"id":"c26b257","settings":{"layout":"full_width","background_background":"classic","background_color":"#1FA84C","margin":{"unit":"px","top":"-5","right":0,"bottom":"0","left":0,"isLinked":false},"padding":{"unit":"px","top":"0","right":"0","bottom":"0","left":"0","isLinked":false},"background_image":{"url":"","id":""},"background_image_tablet":{"url":"","id":""},"background_image_mobile":{"url":"","id":""},"background_video_fallback":{"url":"","id":""},"background_slideshow_gallery":[],"background_hover_image":{"url":"","id":""},"background_hover_image_tablet":{"url":"","id":""},"background_hover_image_mobile":{"url":"","id":""},"background_hover_video_fallback":{"url":"","id":""},"background_hover_slideshow_gallery":[],"background_overlay_image":{"url":"","id":""},"background_overlay_image_tablet":{"url":"","id":""},"background_overlay_image_mobile":{"url":"","id":""},"background_overlay_video_fallback":{"url":"","id":""},"background_overlay_slideshow_gallery":[],"background_overlay_hover_image":{"url":"","id":""},"background_overlay_hover_image_tablet":{"url":"","id":""},"background_overlay_hover_image_mobile":{"url":"","id":""},"background_overlay_hover_video_fallback":{"url":"","id":""},"background_overlay_hover_slideshow_gallery":[]},"elements":[{"id":"748f2a4","settings":{"_column_size":100,"_inline_size":null,"background_image":{"url":"","id":""},"background_image_tablet":{"url":"","id":""},"background_image_mobile":{"url":"","id":""},"background_video_fallback":{"url":"","id":""},"background_slideshow_gallery":[],"background_hover_image":{"url":"","id":""},"background_hover_image_tablet":{"url":"","id":""},"background_hover_image_mobile":{"url":"","id":""},"background_hover_video_fallback":{"url":"","id":""},"background_hover_slideshow_gallery":[],"background_overlay_image":{"url":"","id":""},"background_overlay_image_tablet":{"url":"","id":""},"background_overlay_image_mobile":{"url":"","id":""},"background_overlay_video_fallback":{"url":"","id":""},"background_overlay_slideshow_gallery":[],"background_overlay_hover_image":{"url":"","id":""},"background_overlay_hover_image_tablet":{"url":"","id":""},"background_overlay_hover_image_mobile":{"url":"","id":""},"background_overlay_hover_video_fallback":{"url":"","id":""},"background_overlay_hover_slideshow_gallery":[]},"elements":[{"id":"26c03537","settings":{"layout":"full_width","background_background":"classic","background_color":"#1FA84C","structure":"30","margin":{"unit":"px","top":"0","right":0,"bottom":"-9","left":0,"isLinked":false},"background_image":{"url":"","id":""},"background_image_tablet":{"url":"","id":""},"background_image_mobile":{"url":"","id":""},"background_video_fallback":{"url":"","id":""},"background_slideshow_gallery":[],"background_hover_image":{"url":"","id":""},"background_hover_image_tablet":{"url":"","id":""},"background_hover_image_mobile":{"url":"","id":""},"background_hover_video_fallback":{"url":"","id":""},"background_hover_slideshow_gallery":[],"background_overlay_image":{"url":"","id":""},"background_overlay_image_tablet":{"url":"","id":""},"background_overlay_image_mobile":{"url":"","id":""},"background_overlay_video_fallback":{"url":"","id":""},"background_overlay_slideshow_gallery":[],"background_overlay_hover_image":{"url":"","id":""},"background_overlay_hover_image_tablet":{"url":"","id":""},"background_overlay_hover_image_mobile":{"url":"","id":""},"background_overlay_hover_video_fallback":{"url":"","id":""},"background_overlay_hover_slideshow_gallery":[]},"elements":[{"id":"60241d65","settings":{"_column_size":33,"_inline_size":16.219,"background_image":{"url":"","id":""},"background_image_tablet":{"url":"","id":""},"background_image_mobile":{"url":"","id":""},"background_video_fallback":{"url":"","id":""},"background_slideshow_gallery":[],"background_hover_image":{"url":"","id":""},"background_hover_image_tablet":{"url":"","id":""},"background_hover_image_mobile":{"url":"","id":""},"background_hover_video_fallback":{"url":"","id":""},"background_hover_slideshow_gallery":[],"background_overlay_image":{"url":"","id":""},"background_overlay_image_tablet":{"url":"","id":""},"background_overlay_image_mobile":{"url":"","id":""},"background_overlay_video_fallback":{"url":"","id":""},"background_overlay_slideshow_gallery":[],"background_overlay_hover_image":{"url":"","id":""},"background_overlay_hover_image_tablet":{"url":"","id":""},"background_overlay_hover_image_mobile":{"url":"","id":""},"background_overlay_hover_video_fallback":{"url":"","id":""},"background_overlay_hover_slideshow_gallery":[]},"elements":[{"id":"2ad315d7","settings":{"social_icon_list":[{"social_icon":{"value":"fab fa-facebook","library":"fa-brands"},"_id":"ca1a3da","item_icon_color":"custom","item_icon_primary_color":"#1FA84C","item_icon_secondary_color":"#DDDDDD","link":{"url":"","is_external":"true","nofollow":"","custom_attributes":""}},{"social_icon":{"value":"fab fa-twitter","library":"fa-brands"},"_id":"ed94260","item_icon_color":"custom","item_icon_primary_color":"#1FA84C","item_icon_secondary_color":"#DDDDDD","link":{"url":"","is_external":"true","nofollow":"","custom_attributes":""}},{"social_icon":{"value":"fab fa-instagram","library":"fa-brands"},"_id":"7929992","item_icon_color":"custom","item_icon_primary_color":"#1FA84C","item_icon_secondary_color":"#DDDDDD","link":{"url":"","is_external":"true","nofollow":"","custom_attributes":""}}],"shape":"circle","icon_size":{"unit":"px","size":18,"sizes":[]},"_background_image":{"url":"","id":""},"_background_image_tablet":{"url":"","id":""},"_background_image_mobile":{"url":"","id":""},"_background_video_fallback":{"url":"","id":""},"_background_slideshow_gallery":[],"_background_hover_image":{"url":"","id":""},"_background_hover_image_tablet":{"url":"","id":""},"_background_hover_image_mobile":{"url":"","id":""},"_background_hover_video_fallback":{"url":"","id":""},"_background_hover_slideshow_gallery":[],"_mask_image":{"url":"","id":""}},"elements":[],"isInner":false,"widgetType":"social-icons","elType":"widget"}],"isInner":true,"elType":"column"},{"id":"2e783452","settings":{"_column_size":33,"_inline_size":50.113,"background_image":{"url":"","id":""},"background_image_tablet":{"url":"","id":""},"background_image_mobile":{"url":"","id":""},"background_video_fallback":{"url":"","id":""},"background_slideshow_gallery":[],"background_hover_image":{"url":"","id":""},"background_hover_image_tablet":{"url":"","id":""},"background_hover_image_mobile":{"url":"","id":""},"background_hover_video_fallback":{"url":"","id":""},"background_hover_slideshow_gallery":[],"background_overlay_image":{"url":"","id":""},"background_overlay_image_tablet":{"url":"","id":""},"background_overlay_image_mobile":{"url":"","id":""},"background_overlay_video_fallback":{"url":"","id":""},"background_overlay_slideshow_gallery":[],"background_overlay_hover_image":{"url":"","id":""},"background_overlay_hover_image_tablet":{"url":"","id":""},"background_overlay_hover_image_mobile":{"url":"","id":""},"background_overlay_hover_video_fallback":{"url":"","id":""},"background_overlay_hover_slideshow_gallery":[]},"elements":[],"isInner":true,"elType":"column"},{"id":"2588e46","settings":{"_column_size":33,"_inline_size":null,"background_image":{"url":"","id":""},"background_image_tablet":{"url":"","id":""},"background_image_mobile":{"url":"","id":""},"background_video_fallback":{"url":"","id":""},"background_slideshow_gallery":[],"background_hover_image":{"url":"","id":""},"background_hover_image_tablet":{"url":"","id":""},"background_hover_image_mobile":{"url":"","id":""},"background_hover_video_fallback":{"url":"","id":""},"background_hover_slideshow_gallery":[],"background_overlay_image":{"url":"","id":""},"background_overlay_image_tablet":{"url":"","id":""},"background_overlay_image_mobile":{"url":"","id":""},"background_overlay_video_fallback":{"url":"","id":""},"background_overlay_slideshow_gallery":[],"background_overlay_hover_image":{"url":"","id":""},"background_overlay_hover_image_tablet":{"url":"","id":""},"background_overlay_hover_image_mobile":{"url":"","id":""},"background_overlay_hover_video_fallback":{"url":"","id":""},"background_overlay_hover_slideshow_gallery":[]},"elements":[],"isInner":true,"elType":"column"}],"isInner":true,"elType":"section"}],"isInner":false,"elType":"column"}],"isInner":false,"elType":"section"},{"id":"4b3cf251","settings":{"structure":"20","margin":{"unit":"px","top":"10","right":0,"bottom":"0","left":0,"isLinked":false},"background_image":{"url":"","id":""},"background_image_tablet":{"url":"","id":""},"background_image_mobile":{"url":"","id":""},"background_video_fallback":{"url":"","id":""},"background_slideshow_gallery":[],"background_hover_image":{"url":"","id":""},"background_hover_image_tablet":{"url":"","id":""},"background_hover_image_mobile":{"url":"","id":""},"background_hover_video_fallback":{"url":"","id":""},"background_hover_slideshow_gallery":[],"background_overlay_image":{"url":"","id":""},"background_overlay_image_tablet":{"url":"","id":""},"background_overlay_image_mobile":{"url":"","id":""},"background_overlay_video_fallback":{"url":"","id":""},"background_overlay_slideshow_gallery":[],"background_overlay_hover_image":{"url":"","id":""},"background_overlay_hover_image_tablet":{"url":"","id":""},"background_overlay_hover_image_mobile":{"url":"","id":""},"background_overlay_hover_video_fallback":{"url":"","id":""},"background_overlay_hover_slideshow_gallery":[]},"elements":[{"id":"37698b7e","settings":{"_column_size":50,"_inline_size":30.111,"background_image":{"url":"","id":""},"background_image_tablet":{"url":"","id":""},"background_image_mobile":{"url":"","id":""},"background_video_fallback":{"url":"","id":""},"background_slideshow_gallery":[],"background_hover_image":{"url":"","id":""},"background_hover_image_tablet":{"url":"","id":""},"background_hover_image_mobile":{"url":"","id":""},"background_hover_video_fallback":{"url":"","id":""},"background_hover_slideshow_gallery":[],"background_overlay_image":{"url":"","id":""},"background_overlay_image_tablet":{"url":"","id":""},"background_overlay_image_mobile":{"url":"","id":""},"background_overlay_video_fallback":{"url":"","id":""},"background_overlay_slideshow_gallery":[],"background_overlay_hover_image":{"url":"","id":""},"background_overlay_hover_image_tablet":{"url":"","id":""},"background_overlay_hover_image_mobile":{"url":"","id":""},"background_overlay_hover_video_fallback":{"url":"","id":""},"background_overlay_hover_slideshow_gallery":[]},"elements":[{"id":"1b1556e1","settings":{"image":{"id":"","url":"http:\/\/172.18.254.92\/wp-content\/plugins\/elementor\/assets\/images\/placeholder.png"},"_background_image":{"url":"","id":""},"_background_image_tablet":{"url":"","id":""},"_background_image_mobile":{"url":"","id":""},"_background_video_fallback":{"url":"","id":""},"_background_slideshow_gallery":[],"_background_hover_image":{"url":"","id":""},"_background_hover_image_tablet":{"url":"","id":""},"_background_hover_image_mobile":{"url":"","id":""},"_background_hover_video_fallback":{"url":"","id":""},"_background_hover_slideshow_gallery":[],"_mask_image":{"url":"","id":""}},"elements":[],"isInner":false,"widgetType":"image","elType":"widget"}],"isInner":false,"elType":"column"},{"id":"299ba540","settings":{"_column_size":50,"_inline_size":69.889,"background_image":{"url":"","id":""},"background_image_tablet":{"url":"","id":""},"background_image_mobile":{"url":"","id":""},"background_video_fallback":{"url":"","id":""},"background_slideshow_gallery":[],"background_hover_image":{"url":"","id":""},"background_hover_image_tablet":{"url":"","id":""},"background_hover_image_mobile":{"url":"","id":""},"background_hover_video_fallback":{"url":"","id":""},"background_hover_slideshow_gallery":[],"background_overlay_image":{"url":"","id":""},"background_overlay_image_tablet":{"url":"","id":""},"background_overlay_image_mobile":{"url":"","id":""},"background_overlay_video_fallback":{"url":"","id":""},"background_overlay_slideshow_gallery":[],"background_overlay_hover_image":{"url":"","id":""},"background_overlay_hover_image_tablet":{"url":"","id":""},"background_overlay_hover_image_mobile":{"url":"","id":""},"background_overlay_hover_video_fallback":{"url":"","id":""},"background_overlay_hover_slideshow_gallery":[]},"elements":[{"id":"5895a435","settings":{"eael_simple_menu_background":"#FFFFFF","eael_simple_menu_item_padding":{"unit":"px","top":"0","right":"16","bottom":"0","left":"47","isLinked":false},"eael_simple_menu_item_alignment":"eael-simple-menu-align-right","eael_simple_menu_item_divider_color":"#FFFFFF","eael_simple_menu_item_typography_typography":"custom","eael_simple_menu_item_typography_font_family":"Roboto","eael_simple_menu_item_typography_font_size":{"unit":"px","size":18,"sizes":[]},"eael_simple_menu_item_typography_font_weight":"600","eael_simple_menu_item_color":"#4B4B4B","eael_simple_menu_item_background":"#FFFFFF","eael_simple_menu_item_color_hover":"#1FA84C","eael_simple_menu_item_indicator":{"value":"fas fa-angle-down","library":"fa-solid"},"eael_simple_menu_dropdown_item_indicator":{"value":"fas fa-angle-down","library":"fa-solid"},"_background_image":{"url":"","id":""},"_background_image_tablet":{"url":"","id":""},"_background_image_mobile":{"url":"","id":""},"_background_video_fallback":{"url":"","id":""},"_background_slideshow_gallery":[],"_background_hover_image":{"url":"","id":""},"_background_hover_image_tablet":{"url":"","id":""},"_background_hover_image_mobile":{"url":"","id":""},"_background_hover_video_fallback":{"url":"","id":""},"_background_hover_slideshow_gallery":[],"_mask_image":{"url":"","id":""}},"elements":[],"isInner":false,"widgetType":"eael-simple-menu","elType":"widget"}],"isInner":false,"elType":"column"}],"isInner":false,"elType":"section"},{"id":"4232a802","settings":{"layout":"full_width","background_background":"slideshow","background_slideshow_gallery":[],"background_slideshow_background_position":"center center","background_overlay_background":"classic","background_overlay_color":"#000000","background_image":{"url":"","id":""},"background_image_tablet":{"url":"","id":""},"background_image_mobile":{"url":"","id":""},"background_video_fallback":{"url":"","id":""},"background_hover_image":{"url":"","id":""},"background_hover_image_tablet":{"url":"","id":""},"background_hover_image_mobile":{"url":"","id":""},"background_hover_video_fallback":{"url":"","id":""},"background_hover_slideshow_gallery":[],"background_overlay_image":{"url":"","id":""},"background_overlay_image_tablet":{"url":"","id":""},"background_overlay_image_mobile":{"url":"","id":""},"background_overlay_video_fallback":{"url":"","id":""},"background_overlay_slideshow_gallery":[],"background_overlay_hover_image":{"url":"","id":""},"background_overlay_hover_image_tablet":{"url":"","id":""},"background_overlay_hover_image_mobile":{"url":"","id":""},"background_overlay_hover_video_fallback":{"url":"","id":""},"background_overlay_hover_slideshow_gallery":[]},"elements":[{"id":"18db8609","settings":{"_column_size":100,"_inline_size":null,"background_image":{"url":"","id":""},"background_image_tablet":{"url":"","id":""},"background_image_mobile":{"url":"","id":""},"background_video_fallback":{"url":"","id":""},"background_slideshow_gallery":[],"background_hover_image":{"url":"","id":""},"background_hover_image_tablet":{"url":"","id":""},"background_hover_image_mobile":{"url":"","id":""},"background_hover_video_fallback":{"url":"","id":""},"background_hover_slideshow_gallery":[],"background_overlay_image":{"url":"","id":""},"background_overlay_image_tablet":{"url":"","id":""},"background_overlay_image_mobile":{"url":"","id":""},"background_overlay_video_fallback":{"url":"","id":""},"background_overlay_slideshow_gallery":[],"background_overlay_hover_image":{"url":"","id":""},"background_overlay_hover_image_tablet":{"url":"","id":""},"background_overlay_hover_image_mobile":{"url":"","id":""},"background_overlay_hover_video_fallback":{"url":"","id":""},"background_overlay_hover_slideshow_gallery":[]},"elements":[{"id":"52d5d861","settings":{"structure":"20","background_image":{"url":"","id":""},"background_image_tablet":{"url":"","id":""},"background_image_mobile":{"url":"","id":""},"background_video_fallback":{"url":"","id":""},"background_slideshow_gallery":[],"background_hover_image":{"url":"","id":""},"background_hover_image_tablet":{"url":"","id":""},"background_hover_image_mobile":{"url":"","id":""},"background_hover_video_fallback":{"url":"","id":""},"background_hover_slideshow_gallery":[],"background_overlay_image":{"url":"","id":""},"background_overlay_image_tablet":{"url":"","id":""},"background_overlay_image_mobile":{"url":"","id":""},"background_overlay_video_fallback":{"url":"","id":""},"background_overlay_slideshow_gallery":[],"background_overlay_hover_image":{"url":"","id":""},"background_overlay_hover_image_tablet":{"url":"","id":""},"background_overlay_hover_image_mobile":{"url":"","id":""},"background_overlay_hover_video_fallback":{"url":"","id":""},"background_overlay_hover_slideshow_gallery":[]},"elements":[{"id":"46229533","settings":{"_column_size":50,"_inline_size":null,"background_image":{"url":"","id":""},"background_image_tablet":{"url":"","id":""},"background_image_mobile":{"url":"","id":""},"background_video_fallback":{"url":"","id":""},"background_slideshow_gallery":[],"background_hover_image":{"url":"","id":""},"background_hover_image_tablet":{"url":"","id":""},"background_hover_image_mobile":{"url":"","id":""},"background_hover_video_fallback":{"url":"","id":""},"background_hover_slideshow_gallery":[],"background_overlay_image":{"url":"","id":""},"background_overlay_image_tablet":{"url":"","id":""},"background_overlay_image_mobile":{"url":"","id":""},"background_overlay_video_fallback":{"url":"","id":""},"background_overlay_slideshow_gallery":[],"background_overlay_hover_image":{"url":"","id":""},"background_overlay_hover_image_tablet":{"url":"","id":""},"background_overlay_hover_image_mobile":{"url":"","id":""},"background_overlay_hover_video_fallback":{"url":"","id":""},"background_overlay_hover_slideshow_gallery":[]},"elements":[{"id":"33bdc959","settings":{"space":{"unit":"px","size":80,"sizes":[]},"_background_image":{"url":"","id":""},"_background_image_tablet":{"url":"","id":""},"_background_image_mobile":{"url":"","id":""},"_background_video_fallback":{"url":"","id":""},"_background_slideshow_gallery":[],"_background_hover_image":{"url":"","id":""},"_background_hover_image_tablet":{"url":"","id":""},"_background_hover_image_mobile":{"url":"","id":""},"_background_hover_video_fallback":{"url":"","id":""},"_background_hover_slideshow_gallery":[],"_mask_image":{"url":"","id":""}},"elements":[],"isInner":false,"widgetType":"spacer","elType":"widget"},{"id":"47d2e64a","settings":{"title":"Sobre N\u00f3s","title_color":"#FFFFFF","typography_typography":"custom","typography_font_family":"Roboto","typography_font_size":{"unit":"px","size":41,"sizes":[]},"typography_font_weight":"600","_background_image":{"url":"","id":""},"_background_image_tablet":{"url":"","id":""},"_background_image_mobile":{"url":"","id":""},"_background_video_fallback":{"url":"","id":""},"_background_slideshow_gallery":[],"_background_hover_image":{"url":"","id":""},"_background_hover_image_tablet":{"url":"","id":""},"_background_hover_image_mobile":{"url":"","id":""},"_background_hover_video_fallback":{"url":"","id":""},"_background_hover_slideshow_gallery":[],"_mask_image":{"url":"","id":""}},"elements":[],"isInner":false,"widgetType":"heading","elType":"widget"},{"id":"527037ad","settings":{"space":{"unit":"px","size":80,"sizes":[]},"_background_image":{"url":"","id":""},"_background_image_tablet":{"url":"","id":""},"_background_image_mobile":{"url":"","id":""},"_background_video_fallback":{"url":"","id":""},"_background_slideshow_gallery":[],"_background_hover_image":{"url":"","id":""},"_background_hover_image_tablet":{"url":"","id":""},"_background_hover_image_mobile":{"url":"","id":""},"_background_hover_video_fallback":{"url":"","id":""},"_background_hover_slideshow_gallery":[],"_mask_image":{"url":"","id":""}},"elements":[],"isInner":false,"widgetType":"spacer","elType":"widget"}],"isInner":true,"elType":"column"},{"id":"d5ea042","settings":{"_column_size":50,"_inline_size":null,"background_image":{"url":"","id":""},"background_image_tablet":{"url":"","id":""},"background_image_mobile":{"url":"","id":""},"background_video_fallback":{"url":"","id":""},"background_slideshow_gallery":[],"background_hover_image":{"url":"","id":""},"background_hover_image_tablet":{"url":"","id":""},"background_hover_image_mobile":{"url":"","id":""},"background_hover_video_fallback":{"url":"","id":""},"background_hover_slideshow_gallery":[],"background_overlay_image":{"url":"","id":""},"background_overlay_image_tablet":{"url":"","id":""},"background_overlay_image_mobile":{"url":"","id":""},"background_overlay_video_fallback":{"url":"","id":""},"background_overlay_slideshow_gallery":[],"background_overlay_hover_image":{"url":"","id":""},"background_overlay_hover_image_tablet":{"url":"","id":""},"background_overlay_hover_image_mobile":{"url":"","id":""},"background_overlay_hover_video_fallback":{"url":"","id":""},"background_overlay_hover_slideshow_gallery":[]},"elements":[],"isInner":true,"elType":"column"}],"isInner":true,"elType":"section"}],"isInner":false,"elType":"column"}],"isInner":false,"elType":"section"},{"id":"7f7b7c92","settings":{"gap":"no","custom_height":{"unit":"px","size":800},"content_position":"middle","padding":{"unit":"px","top":"100","right":"0","bottom":"100","left":"0","isLinked":false},"padding_tablet":{"unit":"px","top":"100","right":"25","bottom":"100","left":"25","isLinked":false},"padding_mobile":{"unit":"px","top":"50","right":"20","bottom":"50","left":"20","isLinked":false},"background_background":"classic","background_color":"#F8F8F8","background_image":{"url":"","id":""},"background_image_tablet":{"url":"","id":""},"background_image_mobile":{"url":"","id":""},"background_video_fallback":{"url":"","id":""},"background_slideshow_gallery":[],"background_hover_image":{"url":"","id":""},"background_hover_image_tablet":{"url":"","id":""},"background_hover_image_mobile":{"url":"","id":""},"background_hover_video_fallback":{"url":"","id":""},"background_hover_slideshow_gallery":[],"background_overlay_image":{"url":"","id":""},"background_overlay_image_tablet":{"url":"","id":""},"background_overlay_image_mobile":{"url":"","id":""},"background_overlay_video_fallback":{"url":"","id":""},"background_overlay_slideshow_gallery":[],"background_overlay_hover_image":{"url":"","id":""},"background_overlay_hover_image_tablet":{"url":"","id":""},"background_overlay_hover_image_mobile":{"url":"","id":""},"background_overlay_hover_video_fallback":{"url":"","id":""},"background_overlay_hover_slideshow_gallery":[]},"elements":[{"id":"4bf3d4f0","settings":{"_column_size":100,"_inline_size":null,"padding":{"unit":"px","top":"0","right":"0","bottom":"0","left":"35","isLinked":false},"padding_mobile":{"unit":"px","top":"25","right":"0","bottom":"0","left":"0","isLinked":false},"background_image":{"url":"","id":""},"background_image_tablet":{"url":"","id":""},"background_image_mobile":{"url":"","id":""},"background_video_fallback":{"url":"","id":""},"background_slideshow_gallery":[],"background_hover_image":{"url":"","id":""},"background_hover_image_tablet":{"url":"","id":""},"background_hover_image_mobile":{"url":"","id":""},"background_hover_video_fallback":{"url":"","id":""},"background_hover_slideshow_gallery":[],"background_overlay_image":{"url":"","id":""},"background_overlay_image_tablet":{"url":"","id":""},"background_overlay_image_mobile":{"url":"","id":""},"background_overlay_video_fallback":{"url":"","id":""},"background_overlay_slideshow_gallery":[],"background_overlay_hover_image":{"url":"","id":""},"background_overlay_hover_image_tablet":{"url":"","id":""},"background_overlay_hover_image_mobile":{"url":"","id":""},"background_overlay_hover_video_fallback":{"url":"","id":""},"background_overlay_hover_slideshow_gallery":[]},"elements":[{"id":"6a5152ea","settings":{"title":"Comit\u00eas de Bacias Hidrogr\u00e1ficas do Maranh\u00e3o - CBHsMA","header_size":"h4","title_color":"#242424","typography_typography":"custom","typography_font_size":{"unit":"px","size":42},"_background_image":{"url":"","id":""},"_background_image_tablet":{"url":"","id":""},"_background_image_mobile":{"url":"","id":""},"_background_video_fallback":{"url":"","id":""},"_background_slideshow_gallery":[],"_background_hover_image":{"url":"","id":""},"_background_hover_image_tablet":{"url":"","id":""},"_background_hover_image_mobile":{"url":"","id":""},"_background_hover_video_fallback":{"url":"","id":""},"_background_hover_slideshow_gallery":[],"_mask_image":{"url":"","id":""}},"elements":[],"isInner":false,"widgetType":"heading","elType":"widget"},{"id":"4aefda3","settings":{"space":{"unit":"px","size":10,"sizes":[]},"_background_image":{"url":"","id":""},"_background_image_tablet":{"url":"","id":""},"_background_image_mobile":{"url":"","id":""},"_background_video_fallback":{"url":"","id":""},"_background_slideshow_gallery":[],"_background_hover_image":{"url":"","id":""},"_background_hover_image_tablet":{"url":"","id":""},"_background_hover_image_mobile":{"url":"","id":""},"_background_hover_video_fallback":{"url":"","id":""},"_background_hover_slideshow_gallery":[],"_mask_image":{"url":"","id":""}},"elements":[],"isInner":false,"widgetType":"spacer","elType":"widget"},{"id":"4c8a5524","settings":{"editor":"<p>Os <strong>Comit\u00eas de Bacias Hidrogr\u00e1ficas do Estado do Maranh\u00e3o (CBHsMA)<\/strong> \u00e9 um f\u00f3rum em que um grupo de pessoas se re\u00fanem para discutir sobre um interesse comum \u2013 o uso d\u2019\u00e1gua nas bacias hidrogr\u00e1ficas do Estado do Maranh\u00e3o. Dada a diversidade de interesses em rela\u00e7\u00e3o ao uso da \u00e1gua, a distribui\u00e7\u00e3o desigual e o uso inadequado, se h\u00e1 conflitos e riscos \u00e0 garantia desse recurso para as gera\u00e7\u00f5es presentes e futuras. Os Comit\u00eas surgem como uma forma de reverter esse quadro, ao permitirem a concilia\u00e7\u00e3o dos diferentes interesses e a constru\u00e7\u00e3o coletiva das solu\u00e7\u00f5es.<\/p><p>Os Comit\u00eas promovem o debate das quest\u00f5es relacionadas aos recursos h\u00eddricos da bacia; articulam a atua\u00e7\u00e3o das entidades que trabalham com este tema; arbitram, em primeira inst\u00e2ncia, os conflitos relacionados a recursos h\u00eddricos; aprovam e acompanham a execu\u00e7\u00e3o do Plano de Recursos H\u00eddricos da Bacia.<\/p>","text_color":"#1D1D1D","typography_typography":"custom","typography_font_size":{"unit":"px","size":16},"typography_font_weight":"300","typography_line_height":{"unit":"em","size":1.8},"_background_image":{"url":"","id":""},"_background_image_tablet":{"url":"","id":""},"_background_image_mobile":{"url":"","id":""},"_background_video_fallback":{"url":"","id":""},"_background_slideshow_gallery":[],"_background_hover_image":{"url":"","id":""},"_background_hover_image_tablet":{"url":"","id":""},"_background_hover_image_mobile":{"url":"","id":""},"_background_hover_video_fallback":{"url":"","id":""},"_background_hover_slideshow_gallery":[],"_mask_image":{"url":"","id":""}},"elements":[],"isInner":false,"widgetType":"text-editor","elType":"widget"}],"isInner":false,"elType":"column"}],"isInner":false,"elType":"section"},{"id":"3e65348e","settings":{"background_image":{"url":"","id":""},"background_image_tablet":{"url":"","id":""},"background_image_mobile":{"url":"","id":""},"background_video_fallback":{"url":"","id":""},"background_slideshow_gallery":[],"background_hover_image":{"url":"","id":""},"background_hover_image_tablet":{"url":"","id":""},"background_hover_image_mobile":{"url":"","id":""},"background_hover_video_fallback":{"url":"","id":""},"background_hover_slideshow_gallery":[],"background_overlay_image":{"url":"","id":""},"background_overlay_image_tablet":{"url":"","id":""},"background_overlay_image_mobile":{"url":"","id":""},"background_overlay_video_fallback":{"url":"","id":""},"background_overlay_slideshow_gallery":[],"background_overlay_hover_image":{"url":"","id":""},"background_overlay_hover_image_tablet":{"url":"","id":""},"background_overlay_hover_image_mobile":{"url":"","id":""},"background_overlay_hover_video_fallback":{"url":"","id":""},"background_overlay_hover_slideshow_gallery":[]},"elements":[{"id":"c5dfc7","settings":{"_column_size":100,"_inline_size":null,"background_image":{"url":"","id":""},"background_image_tablet":{"url":"","id":""},"background_image_mobile":{"url":"","id":""},"background_video_fallback":{"url":"","id":""},"background_slideshow_gallery":[],"background_hover_image":{"url":"","id":""},"background_hover_image_tablet":{"url":"","id":""},"background_hover_image_mobile":{"url":"","id":""},"background_hover_video_fallback":{"url":"","id":""},"background_hover_slideshow_gallery":[],"background_overlay_image":{"url":"","id":""},"background_overlay_image_tablet":{"url":"","id":""},"background_overlay_image_mobile":{"url":"","id":""},"background_overlay_video_fallback":{"url":"","id":""},"background_overlay_slideshow_gallery":[],"background_overlay_hover_image":{"url":"","id":""},"background_overlay_hover_image_tablet":{"url":"","id":""},"background_overlay_hover_image_mobile":{"url":"","id":""},"background_overlay_hover_video_fallback":{"url":"","id":""},"background_overlay_hover_slideshow_gallery":[]},"elements":[{"id":"2ab5b5fe","settings":{"_background_image":{"url":"","id":""},"_background_image_tablet":{"url":"","id":""},"_background_image_mobile":{"url":"","id":""},"_background_video_fallback":{"url":"","id":""},"_background_slideshow_gallery":[],"_background_hover_image":{"url":"","id":""},"_background_hover_image_tablet":{"url":"","id":""},"_background_hover_image_mobile":{"url":"","id":""},"_background_hover_video_fallback":{"url":"","id":""},"_background_hover_slideshow_gallery":[],"_mask_image":{"url":"","id":""}},"elements":[],"isInner":false,"widgetType":"spacer","elType":"widget"},{"id":"1d338eee","settings":{"background_image":{"url":"","id":""},"background_image_tablet":{"url":"","id":""},"background_image_mobile":{"url":"","id":""},"background_video_fallback":{"url":"","id":""},"background_slideshow_gallery":[],"background_hover_image":{"url":"","id":""},"background_hover_image_tablet":{"url":"","id":""},"background_hover_image_mobile":{"url":"","id":""},"background_hover_video_fallback":{"url":"","id":""},"background_hover_slideshow_gallery":[],"background_overlay_image":{"url":"","id":""},"background_overlay_image_tablet":{"url":"","id":""},"background_overlay_image_mobile":{"url":"","id":""},"background_overlay_video_fallback":{"url":"","id":""},"background_overlay_slideshow_gallery":[],"background_overlay_hover_image":{"url":"","id":""},"background_overlay_hover_image_tablet":{"url":"","id":""},"background_overlay_hover_image_mobile":{"url":"","id":""},"background_overlay_hover_video_fallback":{"url":"","id":""},"background_overlay_hover_slideshow_gallery":[]},"elements":[{"id":"60b9377a","settings":{"_column_size":100,"_inline_size":null,"background_image":{"url":"","id":""},"background_image_tablet":{"url":"","id":""},"background_image_mobile":{"url":"","id":""},"background_video_fallback":{"url":"","id":""},"background_slideshow_gallery":[],"background_hover_image":{"url":"","id":""},"background_hover_image_tablet":{"url":"","id":""},"background_hover_image_mobile":{"url":"","id":""},"background_hover_video_fallback":{"url":"","id":""},"background_hover_slideshow_gallery":[],"background_overlay_image":{"url":"","id":""},"background_overlay_image_tablet":{"url":"","id":""},"background_overlay_image_mobile":{"url":"","id":""},"background_overlay_video_fallback":{"url":"","id":""},"background_overlay_slideshow_gallery":[],"background_overlay_hover_image":{"url":"","id":""},"background_overlay_hover_image_tablet":{"url":"","id":""},"background_overlay_hover_image_mobile":{"url":"","id":""},"background_overlay_hover_video_fallback":{"url":"","id":""},"background_overlay_hover_slideshow_gallery":[]},"elements":[{"id":"5f678fd0","settings":{"title":"Componentes do Comit\u00ea do CBHsMA","title_color":"#303030","typography_typography":"custom","typography_font_family":"Roboto","typography_font_size":{"unit":"px","size":29,"sizes":[]},"typography_font_weight":"600","_margin":{"unit":"px","top":"0","right":"0","bottom":"0","left":"19","isLinked":false},"_background_image":{"url":"","id":""},"_background_image_tablet":{"url":"","id":""},"_background_image_mobile":{"url":"","id":""},"_background_video_fallback":{"url":"","id":""},"_background_slideshow_gallery":[],"_background_hover_image":{"url":"","id":""},"_background_hover_image_tablet":{"url":"","id":""},"_background_hover_image_mobile":{"url":"","id":""},"_background_hover_video_fallback":{"url":"","id":""},"_background_hover_slideshow_gallery":[],"_mask_image":{"url":"","id":""}},"elements":[],"isInner":false,"widgetType":"heading","elType":"widget"}],"isInner":true,"elType":"column"}],"isInner":true,"elType":"section"},{"id":"7ad520e5","settings":{"structure":"20","background_image":{"url":"","id":""},"background_image_tablet":{"url":"","id":""},"background_image_mobile":{"url":"","id":""},"background_video_fallback":{"url":"","id":""},"background_slideshow_gallery":[],"background_hover_image":{"url":"","id":""},"background_hover_image_tablet":{"url":"","id":""},"background_hover_image_mobile":{"url":"","id":""},"background_hover_video_fallback":{"url":"","id":""},"background_hover_slideshow_gallery":[],"background_overlay_image":{"url":"","id":""},"background_overlay_image_tablet":{"url":"","id":""},"background_overlay_image_mobile":{"url":"","id":""},"background_overlay_video_fallback":{"url":"","id":""},"background_overlay_slideshow_gallery":[],"background_overlay_hover_image":{"url":"","id":""},"background_overlay_hover_image_tablet":{"url":"","id":""},"background_overlay_hover_image_mobile":{"url":"","id":""},"background_overlay_hover_video_fallback":{"url":"","id":""},"background_overlay_hover_slideshow_gallery":[]},"elements":[{"id":"2804874c","settings":{"_column_size":50,"_inline_size":51.635,"background_image":{"url":"","id":""},"background_image_tablet":{"url":"","id":""},"background_image_mobile":{"url":"","id":""},"background_video_fallback":{"url":"","id":""},"background_slideshow_gallery":[],"background_hover_image":{"url":"","id":""},"background_hover_image_tablet":{"url":"","id":""},"background_hover_image_mobile":{"url":"","id":""},"background_hover_video_fallback":{"url":"","id":""},"background_hover_slideshow_gallery":[],"background_overlay_image":{"url":"","id":""},"background_overlay_image_tablet":{"url":"","id":""},"background_overlay_image_mobile":{"url":"","id":""},"background_overlay_video_fallback":{"url":"","id":""},"background_overlay_slideshow_gallery":[],"background_overlay_hover_image":{"url":"","id":""},"background_overlay_hover_image_tablet":{"url":"","id":""},"background_overlay_hover_image_mobile":{"url":"","id":""},"background_overlay_hover_video_fallback":{"url":"","id":""},"background_overlay_hover_slideshow_gallery":[]},"elements":[{"id":"6560bff6","settings":{"editor":"<p>Atualmente, o Estado do Esp\u00edrito Santo possui 8 comit\u00eas. S\u00e3o eles:<\/p>","text_color":"#5D5B5B","typography_typography":"custom","typography_font_family":"Roboto","typography_font_size":{"unit":"px","size":16,"sizes":[]},"typography_font_weight":"400","_margin":{"unit":"px","top":"0","right":"0","bottom":"0","left":"025","isLinked":false},"_background_image":{"url":"","id":""},"_background_image_tablet":{"url":"","id":""},"_background_image_mobile":{"url":"","id":""},"_background_video_fallback":{"url":"","id":""},"_background_slideshow_gallery":[],"_background_hover_image":{"url":"","id":""},"_background_hover_image_tablet":{"url":"","id":""},"_background_hover_image_mobile":{"url":"","id":""},"_background_hover_video_fallback":{"url":"","id":""},"_background_hover_slideshow_gallery":[],"_mask_image":{"url":"","id":""}},"elements":[],"isInner":false,"widgetType":"text-editor","elType":"widget"},{"id":"4ff52dd2","settings":{"tabs":[{"tab_title":"CBH do Rio Mearim","tab_content":"","_id":"2251aaf"},{"tab_title":"CBH do Rio Munim","tab_content":"","_id":"8c8c241"},{"tab_title":"CBH do Rio Maraca\u00e7um\u00e9","tab_content":"","_id":"cc26444"},{"tab_title":"CBH do Rio Pregui\u00e7as","tab_content":"","_id":"c5e2be4"},{"tab_title":"CBH do Rio Turia\u00e7u","tab_content":"","_id":"887e8dc"},{"tab_title":"CBH do Rio Itapecuru","tab_content":"","_id":"2ddedac"},{"tab_title":"CBH do Rio Parna\u00edba","tab_content":"","_id":"db3162d"},{"tab_title":"CBH do Rio Piri\u00e1","tab_content":"","_id":"bbb42b3"}],"title_background":"#61CE70","title_color":"#FFFFFF","tab_active_color":"#FFFFFF","selected_icon":{"value":"fas fa-caret-right","library":"fa-solid"},"selected_active_icon":{"value":"fas fa-caret-up","library":"fa-solid"},"_background_image":{"url":"","id":""},"_background_image_tablet":{"url":"","id":""},"_background_image_mobile":{"url":"","id":""},"_background_video_fallback":{"url":"","id":""},"_background_slideshow_gallery":[],"_background_hover_image":{"url":"","id":""},"_background_hover_image_tablet":{"url":"","id":""},"_background_hover_image_mobile":{"url":"","id":""},"_background_hover_video_fallback":{"url":"","id":""},"_background_hover_slideshow_gallery":[],"_mask_image":{"url":"","id":""}},"elements":[],"isInner":false,"widgetType":"toggle","elType":"widget"}],"isInner":true,"elType":"column"},{"id":"70aecdf3","settings":{"_column_size":50,"_inline_size":48.318,"background_image":{"url":"","id":""},"background_image_tablet":{"url":"","id":""},"background_image_mobile":{"url":"","id":""},"background_video_fallback":{"url":"","id":""},"background_slideshow_gallery":[],"background_hover_image":{"url":"","id":""},"background_hover_image_tablet":{"url":"","id":""},"background_hover_image_mobile":{"url":"","id":""},"background_hover_video_fallback":{"url":"","id":""},"background_hover_slideshow_gallery":[],"background_overlay_image":{"url":"","id":""},"background_overlay_image_tablet":{"url":"","id":""},"background_overlay_image_mobile":{"url":"","id":""},"background_overlay_video_fallback":{"url":"","id":""},"background_overlay_slideshow_gallery":[],"background_overlay_hover_image":{"url":"","id":""},"background_overlay_hover_image_tablet":{"url":"","id":""},"background_overlay_hover_image_mobile":{"url":"","id":""},"background_overlay_hover_video_fallback":{"url":"","id":""},"background_overlay_hover_slideshow_gallery":[]},"elements":[],"isInner":true,"elType":"column"}],"isInner":true,"elType":"section"}],"isInner":false,"elType":"column"}],"isInner":false,"elType":"section"},{"id":"1163e786","settings":{"margin":{"unit":"px","top":"-33","right":0,"bottom":"0","left":0,"isLinked":false},"background_image":{"url":"","id":""},"background_image_tablet":{"url":"","id":""},"background_image_mobile":{"url":"","id":""},"background_video_fallback":{"url":"","id":""},"background_slideshow_gallery":[],"background_hover_image":{"url":"","id":""},"background_hover_image_tablet":{"url":"","id":""},"background_hover_image_mobile":{"url":"","id":""},"background_hover_video_fallback":{"url":"","id":""},"background_hover_slideshow_gallery":[],"background_overlay_image":{"url":"","id":""},"background_overlay_image_tablet":{"url":"","id":""},"background_overlay_image_mobile":{"url":"","id":""},"background_overlay_video_fallback":{"url":"","id":""},"background_overlay_slideshow_gallery":[],"background_overlay_hover_image":{"url":"","id":""},"background_overlay_hover_image_tablet":{"url":"","id":""},"background_overlay_hover_image_mobile":{"url":"","id":""},"background_overlay_hover_video_fallback":{"url":"","id":""},"background_overlay_hover_slideshow_gallery":[]},"elements":[{"id":"13c39b2e","settings":{"_column_size":100,"_inline_size":null,"background_image":{"url":"","id":""},"background_image_tablet":{"url":"","id":""},"background_image_mobile":{"url":"","id":""},"background_video_fallback":{"url":"","id":""},"background_slideshow_gallery":[],"background_hover_image":{"url":"","id":""},"background_hover_image_tablet":{"url":"","id":""},"background_hover_image_mobile":{"url":"","id":""},"background_hover_video_fallback":{"url":"","id":""},"background_hover_slideshow_gallery":[],"background_overlay_image":{"url":"","id":""},"background_overlay_image_tablet":{"url":"","id":""},"background_overlay_image_mobile":{"url":"","id":""},"background_overlay_video_fallback":{"url":"","id":""},"background_overlay_slideshow_gallery":[],"background_overlay_hover_image":{"url":"","id":""},"background_overlay_hover_image_tablet":{"url":"","id":""},"background_overlay_hover_image_mobile":{"url":"","id":""},"background_overlay_hover_video_fallback":{"url":"","id":""},"background_overlay_hover_slideshow_gallery":[]},"elements":[{"id":"6f2a2ec1","settings":{"space":{"unit":"px","size":117,"sizes":[]},"_background_image":{"url":"","id":""},"_background_image_tablet":{"url":"","id":""},"_background_image_mobile":{"url":"","id":""},"_background_video_fallback":{"url":"","id":""},"_background_slideshow_gallery":[],"_background_hover_image":{"url":"","id":""},"_background_hover_image_tablet":{"url":"","id":""},"_background_hover_image_mobile":{"url":"","id":""},"_background_hover_video_fallback":{"url":"","id":""},"_background_hover_slideshow_gallery":[],"_mask_image":{"url":"","id":""}},"elements":[],"isInner":false,"widgetType":"spacer","elType":"widget"}],"isInner":false,"elType":"column"}],"isInner":false,"elType":"section"},{"id":"9faa7de","settings":{"background_background":"classic","background_color":"#F6F6F6","background_image":{"url":"","id":""},"background_image_tablet":{"url":"","id":""},"background_image_mobile":{"url":"","id":""},"background_video_fallback":{"url":"","id":""},"background_slideshow_gallery":[],"background_hover_image":{"url":"","id":""},"background_hover_image_tablet":{"url":"","id":""},"background_hover_image_mobile":{"url":"","id":""},"background_hover_video_fallback":{"url":"","id":""},"background_hover_slideshow_gallery":[],"background_overlay_image":{"url":"","id":""},"background_overlay_image_tablet":{"url":"","id":""},"background_overlay_image_mobile":{"url":"","id":""},"background_overlay_video_fallback":{"url":"","id":""},"background_overlay_slideshow_gallery":[],"background_overlay_hover_image":{"url":"","id":""},"background_overlay_hover_image_tablet":{"url":"","id":""},"background_overlay_hover_image_mobile":{"url":"","id":""},"background_overlay_hover_video_fallback":{"url":"","id":""},"background_overlay_hover_slideshow_gallery":[]},"elements":[{"id":"60cb9ead","settings":{"_column_size":100,"_inline_size":null,"background_image":{"url":"","id":""},"background_image_tablet":{"url":"","id":""},"background_image_mobile":{"url":"","id":""},"background_video_fallback":{"url":"","id":""},"background_slideshow_gallery":[],"background_hover_image":{"url":"","id":""},"background_hover_image_tablet":{"url":"","id":""},"background_hover_image_mobile":{"url":"","id":""},"background_hover_video_fallback":{"url":"","id":""},"background_hover_slideshow_gallery":[],"background_overlay_image":{"url":"","id":""},"background_overlay_image_tablet":{"url":"","id":""},"background_overlay_image_mobile":{"url":"","id":""},"background_overlay_video_fallback":{"url":"","id":""},"background_overlay_slideshow_gallery":[],"background_overlay_hover_image":{"url":"","id":""},"background_overlay_hover_image_tablet":{"url":"","id":""},"background_overlay_hover_image_mobile":{"url":"","id":""},"background_overlay_hover_video_fallback":{"url":"","id":""},"background_overlay_hover_slideshow_gallery":[]},"elements":[{"id":"56854eb0","settings":{"space":{"unit":"px","size":26,"sizes":[]},"_background_image":{"url":"","id":""},"_background_image_tablet":{"url":"","id":""},"_background_image_mobile":{"url":"","id":""},"_background_video_fallback":{"url":"","id":""},"_background_slideshow_gallery":[],"_background_hover_image":{"url":"","id":""},"_background_hover_image_tablet":{"url":"","id":""},"_background_hover_image_mobile":{"url":"","id":""},"_background_hover_video_fallback":{"url":"","id":""},"_background_hover_slideshow_gallery":[],"_mask_image":{"url":"","id":""}},"elements":[],"isInner":false,"widgetType":"spacer","elType":"widget"},{"id":"a754d5c","settings":{"structure":"30","background_image":{"url":"","id":""},"background_image_tablet":{"url":"","id":""},"background_image_mobile":{"url":"","id":""},"background_video_fallback":{"url":"","id":""},"background_slideshow_gallery":[],"background_hover_image":{"url":"","id":""},"background_hover_image_tablet":{"url":"","id":""},"background_hover_image_mobile":{"url":"","id":""},"background_hover_video_fallback":{"url":"","id":""},"background_hover_slideshow_gallery":[],"background_overlay_image":{"url":"","id":""},"background_overlay_image_tablet":{"url":"","id":""},"background_overlay_image_mobile":{"url":"","id":""},"background_overlay_video_fallback":{"url":"","id":""},"background_overlay_slideshow_gallery":[],"background_overlay_hover_image":{"url":"","id":""},"background_overlay_hover_image_tablet":{"url":"","id":""},"background_overlay_hover_image_mobile":{"url":"","id":""},"background_overlay_hover_video_fallback":{"url":"","id":""},"background_overlay_hover_slideshow_gallery":[]},"elements":[{"id":"5f029ead","settings":{"_column_size":33,"_inline_size":16.007,"background_image":{"url":"","id":""},"background_image_tablet":{"url":"","id":""},"background_image_mobile":{"url":"","id":""},"background_video_fallback":{"url":"","id":""},"background_slideshow_gallery":[],"background_hover_image":{"url":"","id":""},"background_hover_image_tablet":{"url":"","id":""},"background_hover_image_mobile":{"url":"","id":""},"background_hover_video_fallback":{"url":"","id":""},"background_hover_slideshow_gallery":[],"background_overlay_image":{"url":"","id":""},"background_overlay_image_tablet":{"url":"","id":""},"background_overlay_image_mobile":{"url":"","id":""},"background_overlay_video_fallback":{"url":"","id":""},"background_overlay_slideshow_gallery":[],"background_overlay_hover_image":{"url":"","id":""},"background_overlay_hover_image_tablet":{"url":"","id":""},"background_overlay_hover_image_mobile":{"url":"","id":""},"background_overlay_hover_video_fallback":{"url":"","id":""},"background_overlay_hover_slideshow_gallery":[]},"elements":[],"isInner":true,"elType":"column"},{"id":"6d0004fa","settings":{"_column_size":33,"_inline_size":67.071,"background_image":{"url":"","id":""},"background_image_tablet":{"url":"","id":""},"background_image_mobile":{"url":"","id":""},"background_video_fallback":{"url":"","id":""},"background_slideshow_gallery":[],"background_hover_image":{"url":"","id":""},"background_hover_image_tablet":{"url":"","id":""},"background_hover_image_mobile":{"url":"","id":""},"background_hover_video_fallback":{"url":"","id":""},"background_hover_slideshow_gallery":[],"background_overlay_image":{"url":"","id":""},"background_overlay_image_tablet":{"url":"","id":""},"background_overlay_image_mobile":{"url":"","id":""},"background_overlay_video_fallback":{"url":"","id":""},"background_overlay_slideshow_gallery":[],"background_overlay_hover_image":{"url":"","id":""},"background_overlay_hover_image_tablet":{"url":"","id":""},"background_overlay_hover_image_mobile":{"url":"","id":""},"background_overlay_hover_video_fallback":{"url":"","id":""},"background_overlay_hover_slideshow_gallery":[]},"elements":[{"id":"35e05868","settings":{"title":"Fale conosco!","align":"center","title_color":"#383838","typography_typography":"custom","typography_font_family":"Roboto","typography_font_size":{"unit":"px","size":43,"sizes":[]},"typography_font_weight":"600","_margin":{"unit":"px","top":"0","right":"0","bottom":"0","left":"0","isLinked":false},"_background_image":{"url":"","id":""},"_background_image_tablet":{"url":"","id":""},"_background_image_mobile":{"url":"","id":""},"_background_video_fallback":{"url":"","id":""},"_background_slideshow_gallery":[],"_background_hover_image":{"url":"","id":""},"_background_hover_image_tablet":{"url":"","id":""},"_background_hover_image_mobile":{"url":"","id":""},"_background_hover_video_fallback":{"url":"","id":""},"_background_hover_slideshow_gallery":[],"_mask_image":{"url":"","id":""}},"elements":[],"isInner":false,"widgetType":"heading","elType":"widget"}],"isInner":true,"elType":"column"},{"id":"5d25b5d6","settings":{"_column_size":33,"_inline_size":16.411,"background_image":{"url":"","id":""},"background_image_tablet":{"url":"","id":""},"background_image_mobile":{"url":"","id":""},"background_video_fallback":{"url":"","id":""},"background_slideshow_gallery":[],"background_hover_image":{"url":"","id":""},"background_hover_image_tablet":{"url":"","id":""},"background_hover_image_mobile":{"url":"","id":""},"background_hover_video_fallback":{"url":"","id":""},"background_hover_slideshow_gallery":[],"background_overlay_image":{"url":"","id":""},"background_overlay_image_tablet":{"url":"","id":""},"background_overlay_image_mobile":{"url":"","id":""},"background_overlay_video_fallback":{"url":"","id":""},"background_overlay_slideshow_gallery":[],"background_overlay_hover_image":{"url":"","id":""},"background_overlay_hover_image_tablet":{"url":"","id":""},"background_overlay_hover_image_mobile":{"url":"","id":""},"background_overlay_hover_video_fallback":{"url":"","id":""},"background_overlay_hover_slideshow_gallery":[]},"elements":[],"isInner":true,"elType":"column"}],"isInner":true,"elType":"section"}],"isInner":false,"elType":"column"}],"isInner":false,"elType":"section"},{"id":"26f1f375","settings":{"structure":"30","background_background":"classic","background_color":"#F6F6F6","background_image":{"url":"","id":""},"background_image_tablet":{"url":"","id":""},"background_image_mobile":{"url":"","id":""},"background_video_fallback":{"url":"","id":""},"background_slideshow_gallery":[],"background_hover_image":{"url":"","id":""},"background_hover_image_tablet":{"url":"","id":""},"background_hover_image_mobile":{"url":"","id":""},"background_hover_video_fallback":{"url":"","id":""},"background_hover_slideshow_gallery":[],"background_overlay_image":{"url":"","id":""},"background_overlay_image_tablet":{"url":"","id":""},"background_overlay_image_mobile":{"url":"","id":""},"background_overlay_video_fallback":{"url":"","id":""},"background_overlay_slideshow_gallery":[],"background_overlay_hover_image":{"url":"","id":""},"background_overlay_hover_image_tablet":{"url":"","id":""},"background_overlay_hover_image_mobile":{"url":"","id":""},"background_overlay_hover_video_fallback":{"url":"","id":""},"background_overlay_hover_slideshow_gallery":[]},"elements":[{"id":"574a0545","settings":{"_column_size":33,"_inline_size":8.119,"background_image":{"url":"","id":""},"background_image_tablet":{"url":"","id":""},"background_image_mobile":{"url":"","id":""},"background_video_fallback":{"url":"","id":""},"background_slideshow_gallery":[],"background_hover_image":{"url":"","id":""},"background_hover_image_tablet":{"url":"","id":""},"background_hover_image_mobile":{"url":"","id":""},"background_hover_video_fallback":{"url":"","id":""},"background_hover_slideshow_gallery":[],"background_overlay_image":{"url":"","id":""},"background_overlay_image_tablet":{"url":"","id":""},"background_overlay_image_mobile":{"url":"","id":""},"background_overlay_video_fallback":{"url":"","id":""},"background_overlay_slideshow_gallery":[],"background_overlay_hover_image":{"url":"","id":""},"background_overlay_hover_image_tablet":{"url":"","id":""},"background_overlay_hover_image_mobile":{"url":"","id":""},"background_overlay_hover_video_fallback":{"url":"","id":""},"background_overlay_hover_slideshow_gallery":[]},"elements":[],"isInner":false,"elType":"column"},{"id":"56a82640","settings":{"_column_size":33,"_inline_size":84.555,"background_image":{"url":"","id":""},"background_image_tablet":{"url":"","id":""},"background_image_mobile":{"url":"","id":""},"background_video_fallback":{"url":"","id":""},"background_slideshow_gallery":[],"background_hover_image":{"url":"","id":""},"background_hover_image_tablet":{"url":"","id":""},"background_hover_image_mobile":{"url":"","id":""},"background_hover_video_fallback":{"url":"","id":""},"background_hover_slideshow_gallery":[],"background_overlay_image":{"url":"","id":""},"background_overlay_image_tablet":{"url":"","id":""},"background_overlay_image_mobile":{"url":"","id":""},"background_overlay_video_fallback":{"url":"","id":""},"background_overlay_slideshow_gallery":[],"background_overlay_hover_image":{"url":"","id":""},"background_overlay_hover_image_tablet":{"url":"","id":""},"background_overlay_hover_image_mobile":{"url":"","id":""},"background_overlay_hover_video_fallback":{"url":"","id":""},"background_overlay_hover_slideshow_gallery":[]},"elements":[{"id":"6d27dd3e","settings":{"contact_form_list":"6","heading_alignment":"left","title_typography_typography":"custom","title_typography_font_family":"Roboto","title_typography_font_size":{"unit":"px","size":1,"sizes":[]},"title_typography_font_weight":"500","description_typography_typography":"custom","description_typography_font_family":"Roboto","description_typography_font_size":{"unit":"px","size":1,"sizes":[]},"description_typography_font_weight":"500","input_spacing":{"unit":"px","size":0,"sizes":[]},"text_indent":{"unit":"px","size":0,"sizes":[]},"input_width":{"unit":"px","size":861,"sizes":[]},"input_height":{"unit":"px","size":0,"sizes":[]},"textarea_width":{"unit":"px","size":0,"sizes":[]},"textarea_height":{"unit":"px","size":0,"sizes":[]},"field_typography_typography":"custom","field_typography_font_family":"Roboto","field_typography_font_size":{"unit":"px","size":1,"sizes":[]},"field_typography_font_weight":"500","label_spacing":{"unit":"px","size":0,"sizes":[]},"typography_placeholder_typography":"custom","typography_placeholder_font_family":"Roboto","typography_placeholder_font_size":{"unit":"px","size":1,"sizes":[]},"typography_placeholder_font_weight":"500","button_align":"center","button_width":{"unit":"px","size":124,"sizes":[]},"button_bg_color_normal":"#A2CF55","eael_contact_form_background_image":{"url":"","id":""},"eael_contact_form_background_image_tablet":{"url":"","id":""},"eael_contact_form_background_image_mobile":{"url":"","id":""},"eael_contact_form_background_video_fallback":{"url":"","id":""},"eael_contact_form_background_slideshow_gallery":[],"contact_form_after_submit_feedback_background_image":{"url":"","id":""},"contact_form_after_submit_feedback_background_image_tablet":{"url":"","id":""},"contact_form_after_submit_feedback_background_image_mobile":{"url":"","id":""},"contact_form_after_submit_feedback_background_video_fallback":{"url":"","id":""},"contact_form_after_submit_feedback_background_slideshow_gallery":[],"_background_image":{"url":"","id":""},"_background_image_tablet":{"url":"","id":""},"_background_image_mobile":{"url":"","id":""},"_background_video_fallback":{"url":"","id":""},"_background_slideshow_gallery":[],"_background_hover_image":{"url":"","id":""},"_background_hover_image_tablet":{"url":"","id":""},"_background_hover_image_mobile":{"url":"","id":""},"_background_hover_video_fallback":{"url":"","id":""},"_background_hover_slideshow_gallery":[],"_mask_image":{"url":"","id":""}},"elements":[],"isInner":false,"widgetType":"eael-contact-form-7","elType":"widget"},{"id":"6d846f4e","settings":{"space":{"unit":"px","size":58,"sizes":[]},"_background_image":{"url":"","id":""},"_background_image_tablet":{"url":"","id":""},"_background_image_mobile":{"url":"","id":""},"_background_video_fallback":{"url":"","id":""},"_background_slideshow_gallery":[],"_background_hover_image":{"url":"","id":""},"_background_hover_image_tablet":{"url":"","id":""},"_background_hover_image_mobile":{"url":"","id":""},"_background_hover_video_fallback":{"url":"","id":""},"_background_hover_slideshow_gallery":[],"_mask_image":{"url":"","id":""}},"elements":[],"isInner":false,"widgetType":"spacer","elType":"widget"}],"isInner":false,"elType":"column"},{"id":"252752dc","settings":{"_column_size":33,"_inline_size":6.99,"background_image":{"url":"","id":""},"background_image_tablet":{"url":"","id":""},"background_image_mobile":{"url":"","id":""},"background_video_fallback":{"url":"","id":""},"background_slideshow_gallery":[],"background_hover_image":{"url":"","id":""},"background_hover_image_tablet":{"url":"","id":""},"background_hover_image_mobile":{"url":"","id":""},"background_hover_video_fallback":{"url":"","id":""},"background_hover_slideshow_gallery":[],"background_overlay_image":{"url":"","id":""},"background_overlay_image_tablet":{"url":"","id":""},"background_overlay_image_mobile":{"url":"","id":""},"background_overlay_video_fallback":{"url":"","id":""},"background_overlay_slideshow_gallery":[],"background_overlay_hover_image":{"url":"","id":""},"background_overlay_hover_image_tablet":{"url":"","id":""},"background_overlay_hover_image_mobile":{"url":"","id":""},"background_overlay_hover_video_fallback":{"url":"","id":""},"background_overlay_hover_slideshow_gallery":[]},"elements":[],"isInner":false,"elType":"column"}],"isInner":false,"elType":"section"},{"id":"346c01ee","settings":{"background_background":"classic","background_color":"#2C3448","layout":"full_width","background_image":{"url":"","id":""},"background_image_tablet":{"url":"","id":""},"background_image_mobile":{"url":"","id":""},"background_video_fallback":{"url":"","id":""},"background_slideshow_gallery":[],"background_hover_image":{"url":"","id":""},"background_hover_image_tablet":{"url":"","id":""},"background_hover_image_mobile":{"url":"","id":""},"background_hover_video_fallback":{"url":"","id":""},"background_hover_slideshow_gallery":[],"background_overlay_image":{"url":"","id":""},"background_overlay_image_tablet":{"url":"","id":""},"background_overlay_image_mobile":{"url":"","id":""},"background_overlay_video_fallback":{"url":"","id":""},"background_overlay_slideshow_gallery":[],"background_overlay_hover_image":{"url":"","id":""},"background_overlay_hover_image_tablet":{"url":"","id":""},"background_overlay_hover_image_mobile":{"url":"","id":""},"background_overlay_hover_video_fallback":{"url":"","id":""},"background_overlay_hover_slideshow_gallery":[]},"elements":[{"id":"2bc32600","settings":{"_column_size":100,"_inline_size":null,"background_image":{"url":"","id":""},"background_image_tablet":{"url":"","id":""},"background_image_mobile":{"url":"","id":""},"background_video_fallback":{"url":"","id":""},"background_slideshow_gallery":[],"background_hover_image":{"url":"","id":""},"background_hover_image_tablet":{"url":"","id":""},"background_hover_image_mobile":{"url":"","id":""},"background_hover_video_fallback":{"url":"","id":""},"background_hover_slideshow_gallery":[],"background_overlay_image":{"url":"","id":""},"background_overlay_image_tablet":{"url":"","id":""},"background_overlay_image_mobile":{"url":"","id":""},"background_overlay_video_fallback":{"url":"","id":""},"background_overlay_slideshow_gallery":[],"background_overlay_hover_image":{"url":"","id":""},"background_overlay_hover_image_tablet":{"url":"","id":""},"background_overlay_hover_image_mobile":{"url":"","id":""},"background_overlay_hover_video_fallback":{"url":"","id":""},"background_overlay_hover_slideshow_gallery":[]},"elements":[{"id":"44fffee","settings":{"space":{"unit":"px","size":10,"sizes":[]},"_background_image":{"url":"","id":""},"_background_image_tablet":{"url":"","id":""},"_background_image_mobile":{"url":"","id":""},"_background_video_fallback":{"url":"","id":""},"_background_slideshow_gallery":[],"_background_hover_image":{"url":"","id":""},"_background_hover_image_tablet":{"url":"","id":""},"_background_hover_image_mobile":{"url":"","id":""},"_background_hover_video_fallback":{"url":"","id":""},"_background_hover_slideshow_gallery":[],"_mask_image":{"url":"","id":""}},"elements":[],"isInner":false,"widgetType":"spacer","elType":"widget"},{"id":"3daded8f","settings":{"structure":"30","background_image":{"url":"","id":""},"background_image_tablet":{"url":"","id":""},"background_image_mobile":{"url":"","id":""},"background_video_fallback":{"url":"","id":""},"background_slideshow_gallery":[],"background_hover_image":{"url":"","id":""},"background_hover_image_tablet":{"url":"","id":""},"background_hover_image_mobile":{"url":"","id":""},"background_hover_video_fallback":{"url":"","id":""},"background_hover_slideshow_gallery":[],"background_overlay_image":{"url":"","id":""},"background_overlay_image_tablet":{"url":"","id":""},"background_overlay_image_mobile":{"url":"","id":""},"background_overlay_video_fallback":{"url":"","id":""},"background_overlay_slideshow_gallery":[],"background_overlay_hover_image":{"url":"","id":""},"background_overlay_hover_image_tablet":{"url":"","id":""},"background_overlay_hover_image_mobile":{"url":"","id":""},"background_overlay_hover_video_fallback":{"url":"","id":""},"background_overlay_hover_slideshow_gallery":[]},"elements":[{"id":"678ea016","settings":{"_column_size":33,"_inline_size":null,"background_image":{"url":"","id":""},"background_image_tablet":{"url":"","id":""},"background_image_mobile":{"url":"","id":""},"background_video_fallback":{"url":"","id":""},"background_slideshow_gallery":[],"background_hover_image":{"url":"","id":""},"background_hover_image_tablet":{"url":"","id":""},"background_hover_image_mobile":{"url":"","id":""},"background_hover_video_fallback":{"url":"","id":""},"background_hover_slideshow_gallery":[],"background_overlay_image":{"url":"","id":""},"background_overlay_image_tablet":{"url":"","id":""},"background_overlay_image_mobile":{"url":"","id":""},"background_overlay_video_fallback":{"url":"","id":""},"background_overlay_slideshow_gallery":[],"background_overlay_hover_image":{"url":"","id":""},"background_overlay_hover_image_tablet":{"url":"","id":""},"background_overlay_hover_image_mobile":{"url":"","id":""},"background_overlay_hover_video_fallback":{"url":"","id":""},"background_overlay_hover_slideshow_gallery":[]},"elements":[{"id":"410c767","settings":{"space":{"unit":"px","size":10,"sizes":[]},"_background_image":{"url":"","id":""},"_background_image_tablet":{"url":"","id":""},"_background_image_mobile":{"url":"","id":""},"_background_video_fallback":{"url":"","id":""},"_background_slideshow_gallery":[],"_background_hover_image":{"url":"","id":""},"_background_hover_image_tablet":{"url":"","id":""},"_background_hover_image_mobile":{"url":"","id":""},"_background_hover_video_fallback":{"url":"","id":""},"_background_hover_slideshow_gallery":[],"_mask_image":{"url":"","id":""}},"elements":[],"isInner":false,"widgetType":"spacer","elType":"widget"},{"id":"7177852c","settings":{"image":{"id":"","url":"http:\/\/172.18.254.92\/wp-content\/plugins\/elementor\/assets\/images\/placeholder.png"},"_background_image":{"url":"","id":""},"_background_image_tablet":{"url":"","id":""},"_background_image_mobile":{"url":"","id":""},"_background_video_fallback":{"url":"","id":""},"_background_slideshow_gallery":[],"_background_hover_image":{"url":"","id":""},"_background_hover_image_tablet":{"url":"","id":""},"_background_hover_image_mobile":{"url":"","id":""},"_background_hover_video_fallback":{"url":"","id":""},"_background_hover_slideshow_gallery":[],"_mask_image":{"url":"","id":""}},"elements":[],"isInner":false,"widgetType":"image","elType":"widget"},{"id":"3f4155d0","settings":{"space":{"unit":"px","size":53,"sizes":[]},"_background_image":{"url":"","id":""},"_background_image_tablet":{"url":"","id":""},"_background_image_mobile":{"url":"","id":""},"_background_video_fallback":{"url":"","id":""},"_background_slideshow_gallery":[],"_background_hover_image":{"url":"","id":""},"_background_hover_image_tablet":{"url":"","id":""},"_background_hover_image_mobile":{"url":"","id":""},"_background_hover_video_fallback":{"url":"","id":""},"_background_hover_slideshow_gallery":[],"_mask_image":{"url":"","id":""}},"elements":[],"isInner":false,"widgetType":"spacer","elType":"widget"}],"isInner":true,"elType":"column"},{"id":"50956c2a","settings":{"_column_size":33,"_inline_size":null,"background_image":{"url":"","id":""},"background_image_tablet":{"url":"","id":""},"background_image_mobile":{"url":"","id":""},"background_video_fallback":{"url":"","id":""},"background_slideshow_gallery":[],"background_hover_image":{"url":"","id":""},"background_hover_image_tablet":{"url":"","id":""},"background_hover_image_mobile":{"url":"","id":""},"background_hover_video_fallback":{"url":"","id":""},"background_hover_slideshow_gallery":[],"background_overlay_image":{"url":"","id":""},"background_overlay_image_tablet":{"url":"","id":""},"background_overlay_image_mobile":{"url":"","id":""},"background_overlay_video_fallback":{"url":"","id":""},"background_overlay_slideshow_gallery":[],"background_overlay_hover_image":{"url":"","id":""},"background_overlay_hover_image_tablet":{"url":"","id":""},"background_overlay_hover_image_mobile":{"url":"","id":""},"background_overlay_hover_video_fallback":{"url":"","id":""},"background_overlay_hover_slideshow_gallery":[]},"elements":[{"id":"50576c92","settings":{"title":"Informa\u00e7\u00f5es","title_color":"#FFFFFF","typography_typography":"custom","typography_font_family":"Roboto","typography_font_size":{"unit":"px","size":23,"sizes":[]},"typography_font_weight":"600","_background_image":{"url":"","id":""},"_background_image_tablet":{"url":"","id":""},"_background_image_mobile":{"url":"","id":""},"_background_video_fallback":{"url":"","id":""},"_background_slideshow_gallery":[],"_background_hover_image":{"url":"","id":""},"_background_hover_image_tablet":{"url":"","id":""},"_background_hover_image_mobile":{"url":"","id":""},"_background_hover_video_fallback":{"url":"","id":""},"_background_hover_slideshow_gallery":[],"_mask_image":{"url":"","id":""}},"elements":[],"isInner":false,"widgetType":"heading","elType":"widget"},{"id":"1cbec361","settings":{"editor":"<p><strong>Endere\u00e7o:<\/strong><\/p><p>Endere\u00e7o Sede: Av. dos Holandeses, n\u00b0 04, Quadra 06, Edif\u00edcio Manhattan, Calhau S\u00e3o Lu\u00eds - Maranh\u00e3o CEP: 65071-380.<\/p>","text_color":"#FFFFFF","_background_image":{"url":"","id":""},"_background_image_tablet":{"url":"","id":""},"_background_image_mobile":{"url":"","id":""},"_background_video_fallback":{"url":"","id":""},"_background_slideshow_gallery":[],"_background_hover_image":{"url":"","id":""},"_background_hover_image_tablet":{"url":"","id":""},"_background_hover_image_mobile":{"url":"","id":""},"_background_hover_video_fallback":{"url":"","id":""},"_background_hover_slideshow_gallery":[],"_mask_image":{"url":"","id":""}},"elements":[],"isInner":false,"widgetType":"text-editor","elType":"widget"}],"isInner":true,"elType":"column"},{"id":"5fc91d3a","settings":{"_column_size":33,"_inline_size":null,"background_image":{"url":"","id":""},"background_image_tablet":{"url":"","id":""},"background_image_mobile":{"url":"","id":""},"background_video_fallback":{"url":"","id":""},"background_slideshow_gallery":[],"background_hover_image":{"url":"","id":""},"background_hover_image_tablet":{"url":"","id":""},"background_hover_image_mobile":{"url":"","id":""},"background_hover_video_fallback":{"url":"","id":""},"background_hover_slideshow_gallery":[],"background_overlay_image":{"url":"","id":""},"background_overlay_image_tablet":{"url":"","id":""},"background_overlay_image_mobile":{"url":"","id":""},"background_overlay_video_fallback":{"url":"","id":""},"background_overlay_slideshow_gallery":[],"background_overlay_hover_image":{"url":"","id":""},"background_overlay_hover_image_tablet":{"url":"","id":""},"background_overlay_hover_image_mobile":{"url":"","id":""},"background_overlay_hover_video_fallback":{"url":"","id":""},"background_overlay_hover_slideshow_gallery":[]},"elements":[{"id":"493b6fa2","settings":{"space":{"unit":"px","size":27,"sizes":[]},"_background_image":{"url":"","id":""},"_background_image_tablet":{"url":"","id":""},"_background_image_mobile":{"url":"","id":""},"_background_video_fallback":{"url":"","id":""},"_background_slideshow_gallery":[],"_background_hover_image":{"url":"","id":""},"_background_hover_image_tablet":{"url":"","id":""},"_background_hover_image_mobile":{"url":"","id":""},"_background_hover_video_fallback":{"url":"","id":""},"_background_hover_slideshow_gallery":[],"_mask_image":{"url":"","id":""}},"elements":[],"isInner":false,"widgetType":"spacer","elType":"widget"},{"id":"28f34105","settings":{"editor":"<p><strong>Entre em contato:<\/strong><\/p>","align":"center","text_color":"#FFFFFF","_margin":{"unit":"px","top":"-7","right":"0","bottom":"0","left":"0","isLinked":false},"_background_image":{"url":"","id":""},"_background_image_tablet":{"url":"","id":""},"_background_image_mobile":{"url":"","id":""},"_background_video_fallback":{"url":"","id":""},"_background_slideshow_gallery":[],"_background_hover_image":{"url":"","id":""},"_background_hover_image_tablet":{"url":"","id":""},"_background_hover_image_mobile":{"url":"","id":""},"_background_hover_video_fallback":{"url":"","id":""},"_background_hover_slideshow_gallery":[],"_mask_image":{"url":"","id":""}},"elements":[],"isInner":false,"widgetType":"text-editor","elType":"widget"},{"id":"72af6b80","settings":{"social_icon_list":[{"social_icon":{"value":"fab fa-facebook","library":"fa-brands"},"_id":"ca1a3da","item_icon_color":"custom","item_icon_primary_color":"#1FA84C","item_icon_secondary_color":"#DDDDDD","link":{"url":"","is_external":"true","nofollow":"","custom_attributes":""}},{"social_icon":{"value":"fab fa-twitter","library":"fa-brands"},"_id":"ed94260","item_icon_color":"custom","item_icon_primary_color":"#1FA84C","item_icon_secondary_color":"#DDDDDD","link":{"url":"","is_external":"true","nofollow":"","custom_attributes":""}},{"social_icon":{"value":"fab fa-instagram","library":"fa-brands"},"_id":"7929992","item_icon_color":"custom","item_icon_primary_color":"#1FA84C","item_icon_secondary_color":"#DDDDDD","link":{"url":"","is_external":"true","nofollow":"","custom_attributes":""}}],"shape":"circle","icon_size":{"unit":"px","size":18,"sizes":[]},"_background_image":{"url":"","id":""},"_background_image_tablet":{"url":"","id":""},"_background_image_mobile":{"url":"","id":""},"_background_video_fallback":{"url":"","id":""},"_background_slideshow_gallery":[],"_background_hover_image":{"url":"","id":""},"_background_hover_image_tablet":{"url":"","id":""},"_background_hover_image_mobile":{"url":"","id":""},"_background_hover_video_fallback":{"url":"","id":""},"_background_hover_slideshow_gallery":[],"_mask_image":{"url":"","id":""}},"elements":[],"isInner":false,"widgetType":"social-icons","elType":"widget"}],"isInner":true,"elType":"column"}],"isInner":true,"elType":"section"}],"isInner":false,"elType":"column"}],"isInner":false,"elType":"section"}],"page_settings":{"eael_ext_toc_title":"Table of Contents","eael_ext_table_of_content_header_icon":{"value":"fas fa-list","library":"fa-solid"},"background_image":{"url":"","id":""},"background_image_tablet":{"url":"","id":""},"background_image_mobile":{"url":"","id":""},"background_video_fallback":{"url":"","id":""},"background_slideshow_gallery":[]},"version":"0.4","title":"sobrenos","type":"page"}