{"content":[{"id":"2f7795ee","settings":{"layout":"full_width","background_background":"classic","background_color":"#1FA84C","margin":{"unit":"px","top":"-5","right":0,"bottom":"0","left":0,"isLinked":false},"padding":{"unit":"px","top":"0","right":"0","bottom":"0","left":"0","isLinked":false}},"elements":[{"id":"42fd5b59","settings":{"_column_size":100,"_inline_size":null},"elements":[{"id":"54cf1e52","settings":{"layout":"full_width","background_background":"classic","background_color":"#1FA84C","margin":{"unit":"px","top":"0","right":0,"bottom":"-9","left":0,"isLinked":false}},"elements":[{"id":"6ddb9cbc","settings":{"_column_size":100,"_inline_size":null},"elements":[{"id":"f1928ca","settings":{"social_icon_list":[{"social_icon":{"value":"fab fa-facebook","library":"fa-brands"},"_id":"ca1a3da","item_icon_color":"custom","item_icon_primary_color":"#1FA84C","item_icon_secondary_color":"#DDDDDD"},{"social_icon":{"value":"fab fa-twitter","library":"fa-brands"},"_id":"ed94260","item_icon_color":"custom","item_icon_primary_color":"#1FA84C","item_icon_secondary_color":"#DDDDDD"},{"social_icon":{"value":"fab fa-instagram","library":"fa-brands"},"_id":"7929992","item_icon_color":"custom","item_icon_primary_color":"#1FA84C","item_icon_secondary_color":"#DDDDDD"}],"shape":"circle","icon_size":{"unit":"px","size":18,"sizes":[]},"align":"left","_margin":{"unit":"px","top":"0","right":"0","bottom":"0","left":"50","isLinked":false}},"elements":[],"isInner":false,"widgetType":"social-icons","elType":"widget"}],"isInner":true,"elType":"column"}],"isInner":true,"elType":"section"}],"isInner":false,"elType":"column"}],"isInner":false,"elType":"section"},{"id":"448547b9","settings":{"structure":"20","margin":{"unit":"px","top":"10","right":0,"bottom":"0","left":0,"isLinked":false}},"elements":[{"id":"390d6ba3","settings":{"_column_size":50,"_inline_size":25.62},"elements":[{"id":"37df7a41","settings":{"image":{"id":512,"url":"http:\/\/fmacbh.com.br\/wp-content\/uploads\/2021\/09\/WhatsApp-Image-2021-08-02-at-13.52.34.jpeg","alt":"","source":"library"},"width":{"unit":"%","size":76,"sizes":[]},"link_to":"custom","link":{"url":"http:\/\/fmacbh.com.br\/","is_external":"","nofollow":"","custom_attributes":""},"width_mobile":{"unit":"%","size":57,"sizes":[]}},"elements":[],"isInner":false,"widgetType":"image","elType":"widget"}],"isInner":false,"elType":"column"},{"id":"1a892d87","settings":{"_column_size":50,"_inline_size":74.38},"elements":[{"id":"74332936","settings":{"menu":"menu-principal","navmenu_align":"right","menu_space_between":{"unit":"px","size":28,"sizes":[]},"menu_typography_typography":"custom","menu_typography_font_family":"Roboto","menu_typography_font_size":{"unit":"px","size":17,"sizes":[]},"menu_typography_font_weight":"600","color_menu_item":"#595858","color_menu_item_hover":"#1FA84C"},"elements":[],"isInner":false,"widgetType":"navigation-menu","elType":"widget"}],"isInner":false,"elType":"column"}],"isInner":false,"elType":"section"},{"id":"e15d5f","settings":{"layout":"full_width","background_background":"slideshow","background_slideshow_background_position":"center center","background_overlay_background":"classic","background_overlay_color":"#000000","background_slideshow_gallery":[{"id":83,"url":"http:\/\/fmacbh.com.br\/wp-content\/uploads\/2021\/07\/news_interna_Lago003.jpg"}]},"elements":[{"id":"745a5c6d","settings":{"_column_size":100,"_inline_size":null},"elements":[{"id":"3734fc49","settings":{"structure":"20"},"elements":[{"id":"15d0fc04","settings":{"_column_size":50,"_inline_size":null},"elements":[{"id":"184be266","settings":{"space":{"unit":"px","size":80,"sizes":[]}},"elements":[],"isInner":false,"widgetType":"spacer","elType":"widget"},{"id":"5b173853","settings":{"title":"Documenta\u00e7\u00e3o","title_color":"#FFFFFF","typography_typography":"custom","typography_font_family":"Roboto","typography_font_size":{"unit":"px","size":41,"sizes":[]},"typography_font_weight":"600","_animation":"fadeInLeft","typography_font_size_mobile":{"unit":"px","size":36,"sizes":[]}},"elements":[],"isInner":false,"widgetType":"heading","elType":"widget"},{"id":"46245d26","settings":{"space":{"unit":"px","size":80,"sizes":[]}},"elements":[],"isInner":false,"widgetType":"spacer","elType":"widget"}],"isInner":true,"elType":"column"},{"id":"3ef1652b","settings":{"_column_size":50,"_inline_size":null},"elements":[],"isInner":true,"elType":"column"}],"isInner":true,"elType":"section"}],"isInner":false,"elType":"column"}],"isInner":false,"elType":"section"},{"id":"2ac07c75","settings":[],"elements":[{"id":"2918c28b","settings":{"_column_size":100,"_inline_size":null},"elements":[{"id":"60636ab0","settings":[],"elements":[],"isInner":false,"widgetType":"spacer","elType":"widget"},{"id":"23f6acfc","settings":{"structure":"20"},"elements":[{"id":"79b14799","settings":{"_column_size":50,"_inline_size":51.635},"elements":[{"id":"4674d2eb","settings":{"tabs":[{"tab_title":"Atas","tab_content":"","_id":"2251aaf"},{"tab_title":"Documentos","tab_content":"","_id":"046a714"},{"tab_title":"Regimento Interno","tab_content":"","_id":"cc26444"},{"tab_title":"Legisla\u00e7\u00e3o","tab_content":"","_id":"c5e2be4"}],"title_background":"#FFFFFF","title_color":"#1FA84C","tab_active_color":"#136A30","title_typography_typography":"custom","title_typography_font_family":"Roboto","title_typography_font_size":{"unit":"px","size":19,"sizes":[]},"title_typography_font_weight":"600"},"elements":[],"isInner":false,"widgetType":"toggle","elType":"widget"}],"isInner":true,"elType":"column"},{"id":"4ea05d92","settings":{"_column_size":50,"_inline_size":48.318},"elements":[],"isInner":true,"elType":"column"}],"isInner":true,"elType":"section"},{"id":"516220db","settings":{"space":{"unit":"px","size":94,"sizes":[]}},"elements":[],"isInner":false,"widgetType":"spacer","elType":"widget"}],"isInner":false,"elType":"column"}],"isInner":false,"elType":"section"},{"id":"1568715d","settings":{"background_background":"classic","background_color":"#F6F6F6"},"elements":[{"id":"4e06468b","settings":{"_column_size":100,"_inline_size":null},"elements":[{"id":"4475f1d7","settings":{"space":{"unit":"px","size":26,"sizes":[]}},"elements":[],"isInner":false,"widgetType":"spacer","elType":"widget"},{"id":"2fe9a317","settings":{"structure":"30"},"elements":[{"id":"7c8d2753","settings":{"_column_size":33,"_inline_size":16.007},"elements":[],"isInner":true,"elType":"column"},{"id":"1f9aa929","settings":{"_column_size":33,"_inline_size":67.071},"elements":[{"id":"49b0d350","settings":{"title":"Fale conosco!","align":"center","title_color":"#383838","typography_typography":"custom","typography_font_family":"Roboto","typography_font_size":{"unit":"px","size":43,"sizes":[]},"typography_font_weight":"600","_margin":{"unit":"px","top":"0","right":"0","bottom":"0","left":"0","isLinked":false}},"elements":[],"isInner":false,"widgetType":"heading","elType":"widget"}],"isInner":true,"elType":"column"},{"id":"4804272e","settings":{"_column_size":33,"_inline_size":16.411},"elements":[],"isInner":true,"elType":"column"}],"isInner":true,"elType":"section"}],"isInner":false,"elType":"column"}],"isInner":false,"elType":"section"},{"id":"7931ca0a","settings":{"structure":"30","background_background":"classic","background_color":"#F6F6F6"},"elements":[{"id":"64d48a64","settings":{"_column_size":33,"_inline_size":8.119},"elements":[],"isInner":false,"elType":"column"},{"id":"30cb7264","settings":{"_column_size":33,"_inline_size":84.555},"elements":[{"id":"5d37d830","settings":{"contact_form_list":"5","heading_alignment":"left","title_typography_typography":"custom","title_typography_font_family":"Roboto","title_typography_font_size":{"unit":"px","size":1,"sizes":[]},"title_typography_font_weight":"500","description_typography_typography":"custom","description_typography_font_family":"Roboto","description_typography_font_size":{"unit":"px","size":1,"sizes":[]},"description_typography_font_weight":"500","input_spacing":{"unit":"px","size":0,"sizes":[]},"text_indent":{"unit":"px","size":0,"sizes":[]},"input_width":{"unit":"px","size":861,"sizes":[]},"input_height":{"unit":"px","size":0,"sizes":[]},"textarea_width":{"unit":"px","size":0,"sizes":[]},"textarea_height":{"unit":"px","size":0,"sizes":[]},"field_typography_typography":"custom","field_typography_font_family":"Roboto","field_typography_font_size":{"unit":"px","size":1,"sizes":[]},"field_typography_font_weight":"500","label_spacing":{"unit":"px","size":0,"sizes":[]},"typography_placeholder_typography":"custom","typography_placeholder_font_family":"Roboto","typography_placeholder_font_size":{"unit":"px","size":1,"sizes":[]},"typography_placeholder_font_weight":"500","button_align":"center","button_width":{"unit":"px","size":124,"sizes":[]},"button_bg_color_normal":"#A2CF55"},"elements":[],"isInner":false,"widgetType":"eael-contact-form-7","elType":"widget"},{"id":"64b50719","settings":{"space":{"unit":"px","size":58,"sizes":[]}},"elements":[],"isInner":false,"widgetType":"spacer","elType":"widget"}],"isInner":false,"elType":"column"},{"id":"49d10226","settings":{"_column_size":33,"_inline_size":6.99},"elements":[],"isInner":false,"elType":"column"}],"isInner":false,"elType":"section"},{"id":"308b288e","settings":{"background_background":"classic","background_color":"#2C3448","layout":"full_width"},"elements":[{"id":"35dec4ae","settings":{"_column_size":100,"_inline_size":null},"elements":[{"id":"5417ed7f","settings":{"space":{"unit":"px","size":10,"sizes":[]}},"elements":[],"isInner":false,"widgetType":"spacer","elType":"widget"},{"id":"3e80c9","settings":{"structure":"30"},"elements":[{"id":"1d22bfa","settings":{"_column_size":33,"_inline_size":null},"elements":[{"id":"5b710724","settings":{"space":{"unit":"px","size":10,"sizes":[]}},"elements":[],"isInner":false,"widgetType":"spacer","elType":"widget"},{"id":"1a6ded64","settings":{"image":{"url":"http:\/\/172.18.254.92\/wp-content\/uploads\/2021\/07\/logo8.png","id":81,"alt":"","source":"library"}},"elements":[],"isInner":false,"widgetType":"image","elType":"widget"},{"id":"5328bd48","settings":{"space":{"unit":"px","size":53,"sizes":[]}},"elements":[],"isInner":false,"widgetType":"spacer","elType":"widget"}],"isInner":true,"elType":"column"},{"id":"30d080f4","settings":{"_column_size":33,"_inline_size":null},"elements":[{"id":"7a141532","settings":{"title":"Informa\u00e7\u00f5es","title_color":"#FFFFFF","typography_typography":"custom","typography_font_family":"Roboto","typography_font_size":{"unit":"px","size":23,"sizes":[]},"typography_font_weight":"600"},"elements":[],"isInner":false,"widgetType":"heading","elType":"widget"},{"id":"359a7c43","settings":{"editor":"<p><strong>Endere\u00e7o:<\/strong><\/p><p>Endere\u00e7o Sede: Av. dos Holandeses, n\u00b0 04, Quadra 06, Edif\u00edcio Manhattan, Calhau S\u00e3o Lu\u00eds - Maranh\u00e3o CEP: 65071-380.<\/p>","text_color":"#FFFFFF"},"elements":[],"isInner":false,"widgetType":"text-editor","elType":"widget"}],"isInner":true,"elType":"column"},{"id":"19ab9846","settings":{"_column_size":33,"_inline_size":null},"elements":[{"id":"75479543","settings":{"space":{"unit":"px","size":27,"sizes":[]}},"elements":[],"isInner":false,"widgetType":"spacer","elType":"widget"},{"id":"6468ec66","settings":{"editor":"<p><strong>Entre em contato:<\/strong><\/p>","align":"center","text_color":"#FFFFFF","_margin":{"unit":"px","top":"-7","right":"0","bottom":"0","left":"0","isLinked":false}},"elements":[],"isInner":false,"widgetType":"text-editor","elType":"widget"},{"id":"26e5be72","settings":{"social_icon_list":[{"social_icon":{"value":"fab fa-facebook","library":"fa-brands"},"_id":"ca1a3da","item_icon_color":"custom","item_icon_primary_color":"#1FA84C","item_icon_secondary_color":"#DDDDDD"},{"social_icon":{"value":"fab fa-twitter","library":"fa-brands"},"_id":"ed94260","item_icon_color":"custom","item_icon_primary_color":"#1FA84C","item_icon_secondary_color":"#DDDDDD"},{"social_icon":{"value":"fab fa-instagram","library":"fa-brands"},"_id":"7929992","item_icon_color":"custom","item_icon_primary_color":"#1FA84C","item_icon_secondary_color":"#DDDDDD"}],"shape":"circle","icon_size":{"unit":"px","size":18,"sizes":[]}},"elements":[],"isInner":false,"widgetType":"social-icons","elType":"widget"}],"isInner":true,"elType":"column"}],"isInner":true,"elType":"section"}],"isInner":false,"elType":"column"}],"isInner":false,"elType":"section"},{"id":"5e0ad309","settings":{"background_background":"classic","background_color":"#1C1C27"},"elements":[{"id":"59ca580a","settings":{"_column_size":100,"_inline_size":null},"elements":[{"id":"196a718f","settings":{"editor":"<p>Todos os direitos reservados | F\u00f3rum Maranhense de Comit\u00eas de Bacias Hidrogr\u00e1ficas | 2021<\/p>","align":"center","text_color":"#FFFFFF78","typography_typography":"custom","typography_font_family":"Roboto","typography_font_size_mobile":{"unit":"px","size":10,"sizes":[]},"typography_font_weight":"300","_margin":{"unit":"px","top":"0","right":"0","bottom":"-17","left":"0","isLinked":false}},"elements":[],"isInner":false,"widgetType":"text-editor","elType":"widget"}],"isInner":false,"elType":"column"}],"isInner":false,"elType":"section"}],"page_settings":{"eael_ext_toc_title":"Table of Contents"},"version":"0.4","title":"pagina_documenta\u00e7\u00e3o","type":"page"}