{"content":[{"id":"1611474","settings":{"layout":"full_width","background_background":"classic","background_color":"#1FA84C","margin":{"unit":"px","top":"-5","right":0,"bottom":"0","left":0,"isLinked":false},"padding":{"unit":"px","top":"0","right":"0","bottom":"0","left":"0","isLinked":false}},"elements":[{"id":"67e273d7","settings":{"_column_size":100,"_inline_size":null},"elements":[{"id":"826a36f","settings":{"layout":"full_width","background_background":"classic","background_color":"#1FA84C","margin":{"unit":"px","top":"0","right":0,"bottom":"-9","left":0,"isLinked":false}},"elements":[{"id":"48704763","settings":{"_column_size":100,"_inline_size":null},"elements":[{"id":"4b74da58","settings":{"social_icon_list":[{"social_icon":{"value":"fab fa-facebook","library":"fa-brands"},"_id":"ca1a3da","item_icon_color":"custom","item_icon_primary_color":"#1FA84C","item_icon_secondary_color":"#DDDDDD"},{"social_icon":{"value":"fab fa-twitter","library":"fa-brands"},"_id":"ed94260","item_icon_color":"custom","item_icon_primary_color":"#1FA84C","item_icon_secondary_color":"#DDDDDD"},{"social_icon":{"value":"fab fa-instagram","library":"fa-brands"},"_id":"7929992","item_icon_color":"custom","item_icon_primary_color":"#1FA84C","item_icon_secondary_color":"#DDDDDD"}],"shape":"circle","icon_size":{"unit":"px","size":18,"sizes":[]},"align":"left","_margin":{"unit":"px","top":"0","right":"0","bottom":"0","left":"50","isLinked":false}},"elements":[],"isInner":false,"widgetType":"social-icons","elType":"widget"}],"isInner":true,"elType":"column"}],"isInner":true,"elType":"section"}],"isInner":false,"elType":"column"}],"isInner":false,"elType":"section"},{"id":"65436a6f","settings":{"structure":"20","margin":{"unit":"px","top":"10","right":0,"bottom":"0","left":0,"isLinked":false}},"elements":[{"id":"7d8e6f71","settings":{"_column_size":50,"_inline_size":25.62},"elements":[{"id":"68643b45","settings":{"image":{"id":85,"url":"http:\/\/172.18.254.92\/wp-content\/uploads\/2021\/07\/cropped-LOGO.png","alt":"","source":"library"},"width":{"unit":"%","size":76,"sizes":[]},"link_to":"custom","link":{"url":"http:\/\/fmacbh.com.br\/","is_external":"","nofollow":"","custom_attributes":""},"width_mobile":{"unit":"%","size":57,"sizes":[]}},"elements":[],"isInner":false,"widgetType":"image","elType":"widget"}],"isInner":false,"elType":"column"},{"id":"7afe5e5b","settings":{"_column_size":50,"_inline_size":74.38},"elements":[{"id":"363a9f22","settings":{"menu":"menu-principal","navmenu_align":"right","menu_space_between":{"unit":"px","size":28,"sizes":[]},"menu_typography_typography":"custom","menu_typography_font_family":"Roboto","menu_typography_font_size":{"unit":"px","size":17,"sizes":[]},"menu_typography_font_weight":"600","color_menu_item":"#595858","color_menu_item_hover":"#1FA84C"},"elements":[],"isInner":false,"widgetType":"navigation-menu","elType":"widget"}],"isInner":false,"elType":"column"}],"isInner":false,"elType":"section"},{"id":"437d82c4","settings":{"layout":"full_width","background_background":"slideshow","background_slideshow_background_position":"center center","background_overlay_background":"classic","background_overlay_color":"#000000","background_slideshow_gallery":[{"id":83,"url":"http:\/\/fmacbh.com.br\/wp-content\/uploads\/2021\/07\/news_interna_Lago003.jpg"}]},"elements":[{"id":"3b58f071","settings":{"_column_size":100,"_inline_size":null},"elements":[{"id":"30c21265","settings":{"structure":"20"},"elements":[{"id":"50dd6601","settings":{"_column_size":50,"_inline_size":null},"elements":[{"id":"27d877b4","settings":{"space":{"unit":"px","size":80,"sizes":[]}},"elements":[],"isInner":false,"widgetType":"spacer","elType":"widget"},{"id":"3943ef6e","settings":{"title":"Sobre N\u00f3s","title_color":"#FFFFFF","typography_typography":"custom","typography_font_family":"Roboto","typography_font_size":{"unit":"px","size":41,"sizes":[]},"typography_font_weight":"600","_animation":"fadeInLeft"},"elements":[],"isInner":false,"widgetType":"heading","elType":"widget"},{"id":"73971d1d","settings":{"space":{"unit":"px","size":80,"sizes":[]}},"elements":[],"isInner":false,"widgetType":"spacer","elType":"widget"}],"isInner":true,"elType":"column"},{"id":"7dd1d221","settings":{"_column_size":50,"_inline_size":null},"elements":[],"isInner":true,"elType":"column"}],"isInner":true,"elType":"section"}],"isInner":false,"elType":"column"}],"isInner":false,"elType":"section"},{"id":"107d1706","settings":{"gap":"no","custom_height":{"unit":"px","size":800},"content_position":"middle","padding":{"unit":"px","top":"100","right":"0","bottom":"100","left":"0","isLinked":false},"padding_tablet":{"unit":"px","top":"100","right":"25","bottom":"100","left":"25","isLinked":false},"padding_mobile":{"unit":"px","top":"50","right":"20","bottom":"50","left":"20","isLinked":false},"background_background":"classic","background_color":"#F8F8F8"},"elements":[{"id":"6f5fffe0","settings":{"_column_size":100,"_inline_size":null,"padding":{"unit":"px","top":"0","right":"0","bottom":"0","left":"35","isLinked":false},"padding_mobile":{"unit":"px","top":"25","right":"0","bottom":"0","left":"0","isLinked":false}},"elements":[{"id":"3909515a","settings":{"title":"Comit\u00eas de Bacias Hidrogr\u00e1ficas do Maranh\u00e3o - CBHsMA","header_size":"h4","title_color":"#242424","typography_typography":"custom","typography_font_size":{"unit":"px","size":42},"_animation":"fadeIn","animation_duration":"slow","align_mobile":"center","typography_font_size_mobile":{"unit":"px","size":25,"sizes":[]}},"elements":[],"isInner":false,"widgetType":"heading","elType":"widget"},{"id":"328fd1b5","settings":{"space":{"unit":"px","size":10,"sizes":[]}},"elements":[],"isInner":false,"widgetType":"spacer","elType":"widget"},{"id":"2b40d18b","settings":{"editor":"<p>Os <strong>Comit\u00eas de Bacias Hidrogr\u00e1ficas do Estado do Maranh\u00e3o (CBHsMA)<\/strong> \u00e9 um f\u00f3rum em que um grupo de pessoas se re\u00fanem para discutir sobre um interesse comum \u2013 o uso d\u2019\u00e1gua nas bacias hidrogr\u00e1ficas do Estado do Maranh\u00e3o. Dada a diversidade de interesses em rela\u00e7\u00e3o ao uso da \u00e1gua, a distribui\u00e7\u00e3o desigual e o uso inadequado, se h\u00e1 conflitos e riscos \u00e0 garantia desse recurso para as gera\u00e7\u00f5es presentes e futuras. Os Comit\u00eas surgem como uma forma de reverter esse quadro, ao permitirem a concilia\u00e7\u00e3o dos diferentes interesses e a constru\u00e7\u00e3o coletiva das solu\u00e7\u00f5es.<\/p><p>Os Comit\u00eas promovem o debate das quest\u00f5es relacionadas aos recursos h\u00eddricos da bacia; articulam a atua\u00e7\u00e3o das entidades que trabalham com este tema; arbitram, em primeira inst\u00e2ncia, os conflitos relacionados a recursos h\u00eddricos; aprovam e acompanham a execu\u00e7\u00e3o do Plano de Recursos H\u00eddricos da Bacia.<\/p>","text_color":"#1D1D1D","typography_typography":"custom","typography_font_size":{"unit":"px","size":16},"typography_font_weight":"300","typography_line_height":{"unit":"em","size":1.8},"align_mobile":"justify"},"elements":[],"isInner":false,"widgetType":"text-editor","elType":"widget"}],"isInner":false,"elType":"column"}],"isInner":false,"elType":"section"},{"id":"4fbcd478","settings":{"_element_id":"componentes"},"elements":[{"id":"880c91c","settings":{"_column_size":100,"_inline_size":null},"elements":[{"id":"613d20c9","settings":[],"elements":[],"isInner":false,"widgetType":"spacer","elType":"widget"},{"id":"726cb82f","settings":[],"elements":[{"id":"2c0a42a","settings":{"_column_size":100,"_inline_size":null},"elements":[{"id":"2c17c34f","settings":{"title":"Componentes do Comit\u00ea do CBHsMA","title_color":"#303030","typography_typography":"custom","typography_font_family":"Roboto","typography_font_size":{"unit":"px","size":29,"sizes":[]},"typography_font_weight":"600","_margin":{"unit":"px","top":"0","right":"0","bottom":"0","left":"19","isLinked":false}},"elements":[],"isInner":false,"widgetType":"heading","elType":"widget"}],"isInner":true,"elType":"column"}],"isInner":true,"elType":"section"},{"id":"21e82e45","settings":{"structure":"20"},"elements":[{"id":"d7a66b6","settings":{"_column_size":50,"_inline_size":51.444},"elements":[{"id":"8ae24d3","settings":{"editor":"<p>Atualmente, o Estado do Maranh\u00e3o possui 8 comit\u00eas. S\u00e3o eles:<\/p>","text_color":"#5D5B5B","typography_typography":"custom","typography_font_family":"Roboto","typography_font_size":{"unit":"px","size":16,"sizes":[]},"typography_font_weight":"400","_margin":{"unit":"px","top":"0","right":"0","bottom":"0","left":"025","isLinked":false},"align_mobile":"justify","typography_font_size_mobile":{"unit":"px","size":15,"sizes":[]}},"elements":[],"isInner":false,"widgetType":"text-editor","elType":"widget"}],"isInner":true,"elType":"column"},{"id":"27f98286","settings":{"_column_size":50,"_inline_size":48.509},"elements":[],"isInner":true,"elType":"column"}],"isInner":true,"elType":"section"}],"isInner":false,"elType":"column"}],"isInner":false,"elType":"section"},{"id":"776946e1","settings":{"margin":{"unit":"px","top":"-33","right":0,"bottom":"0","left":0,"isLinked":false},"structure":"20"},"elements":[{"id":"57e5721","settings":{"_column_size":50,"_inline_size":null},"elements":[{"id":"68a3c967","settings":{"tabs":[{"tab_title":"CBH do Rio Mearim","tab_content":"","_id":"2251aaf"},{"tab_title":"CBH do Rio Munim","tab_content":"","_id":"8c8c241"},{"tab_title":"CBH do Rio Maraca\u00e7um\u00e9","tab_content":"","_id":"cc26444"},{"tab_title":"CBH do Rio Pregui\u00e7as","tab_content":"","_id":"c5e2be4"},{"tab_title":"CBH do Rio Turia\u00e7u","tab_content":"","_id":"887e8dc"},{"tab_title":"CBH do Rio Itapecuru","tab_content":"","_id":"2ddedac"},{"tab_title":"CBH do Rio Parna\u00edba","tab_content":"","_id":"db3162d"},{"tab_title":"CBH do Rio Piri\u00e1","tab_content":"","_id":"bbb42b3"}],"title_background":"#61CE70","title_color":"#FFFFFF","tab_active_color":"#FFFFFF"},"elements":[],"isInner":false,"widgetType":"toggle","elType":"widget"},{"id":"a080a44","settings":{"space":{"unit":"px","size":117,"sizes":[]},"space_mobile":{"unit":"px","size":41,"sizes":[]}},"elements":[],"isInner":false,"widgetType":"spacer","elType":"widget"}],"isInner":false,"elType":"column"},{"id":"663e9bb7","settings":{"_column_size":50,"_inline_size":null,"margin":{"unit":"px","top":"0","right":"0","bottom":"0","left":"00","isLinked":false}},"elements":[{"id":"19218375","settings":{"space":{"unit":"px","size":117,"sizes":[]},"space_mobile":{"unit":"px","size":41,"sizes":[]}},"elements":[],"isInner":false,"widgetType":"spacer","elType":"widget"}],"isInner":false,"elType":"column"}],"isInner":false,"elType":"section"},{"id":"5a852d18","settings":{"background_background":"classic","background_color":"#F6F6F6"},"elements":[{"id":"552552ce","settings":{"_column_size":100,"_inline_size":null},"elements":[{"id":"6245e859","settings":{"space":{"unit":"px","size":26,"sizes":[]}},"elements":[],"isInner":false,"widgetType":"spacer","elType":"widget"},{"id":"541e576","settings":{"structure":"30"},"elements":[{"id":"7a02754c","settings":{"_column_size":33,"_inline_size":16.007},"elements":[],"isInner":true,"elType":"column"},{"id":"7ec117c1","settings":{"_column_size":33,"_inline_size":67.071},"elements":[{"id":"2b85c34e","settings":{"title":"Fale conosco!","align":"center","title_color":"#383838","typography_typography":"custom","typography_font_family":"Roboto","typography_font_size":{"unit":"px","size":43,"sizes":[]},"typography_font_weight":"600","_margin":{"unit":"px","top":"0","right":"0","bottom":"0","left":"0","isLinked":false}},"elements":[],"isInner":false,"widgetType":"heading","elType":"widget"}],"isInner":true,"elType":"column"},{"id":"6502e8dc","settings":{"_column_size":33,"_inline_size":16.411},"elements":[],"isInner":true,"elType":"column"}],"isInner":true,"elType":"section"}],"isInner":false,"elType":"column"}],"isInner":false,"elType":"section"},{"id":"50e1bc6f","settings":{"structure":"30","background_background":"classic","background_color":"#F6F6F6"},"elements":[{"id":"689cf978","settings":{"_column_size":33,"_inline_size":8.119},"elements":[],"isInner":false,"elType":"column"},{"id":"5bde5d7b","settings":{"_column_size":33,"_inline_size":84.555},"elements":[{"id":"3ec5f5c7","settings":{"contact_form_list":"5","heading_alignment":"left","title_typography_typography":"custom","title_typography_font_family":"Roboto","title_typography_font_size":{"unit":"px","size":1,"sizes":[]},"title_typography_font_weight":"500","description_typography_typography":"custom","description_typography_font_family":"Roboto","description_typography_font_size":{"unit":"px","size":1,"sizes":[]},"description_typography_font_weight":"500","input_spacing":{"unit":"px","size":0,"sizes":[]},"text_indent":{"unit":"px","size":0,"sizes":[]},"input_width":{"unit":"px","size":861,"sizes":[]},"input_height":{"unit":"px","size":0,"sizes":[]},"textarea_width":{"unit":"px","size":0,"sizes":[]},"textarea_height":{"unit":"px","size":0,"sizes":[]},"field_typography_typography":"custom","field_typography_font_family":"Roboto","field_typography_font_size":{"unit":"px","size":1,"sizes":[]},"field_typography_font_weight":"500","label_spacing":{"unit":"px","size":0,"sizes":[]},"typography_placeholder_typography":"custom","typography_placeholder_font_family":"Roboto","typography_placeholder_font_size":{"unit":"px","size":1,"sizes":[]},"typography_placeholder_font_weight":"500","button_align":"center","button_width":{"unit":"px","size":124,"sizes":[]},"button_bg_color_normal":"#A2CF55"},"elements":[],"isInner":false,"widgetType":"eael-contact-form-7","elType":"widget"},{"id":"61433c04","settings":{"space":{"unit":"px","size":58,"sizes":[]}},"elements":[],"isInner":false,"widgetType":"spacer","elType":"widget"}],"isInner":false,"elType":"column"},{"id":"5cbb7c39","settings":{"_column_size":33,"_inline_size":6.99},"elements":[],"isInner":false,"elType":"column"}],"isInner":false,"elType":"section"},{"id":"7b0704ea","settings":{"background_background":"classic","background_color":"#2C3448","layout":"full_width"},"elements":[{"id":"15edc4b8","settings":{"_column_size":100,"_inline_size":null},"elements":[{"id":"468aca6f","settings":{"space":{"unit":"px","size":10,"sizes":[]}},"elements":[],"isInner":false,"widgetType":"spacer","elType":"widget"},{"id":"9f4d79d","settings":{"structure":"30"},"elements":[{"id":"2a464298","settings":{"_column_size":33,"_inline_size":null},"elements":[{"id":"26b35ef2","settings":{"space":{"unit":"px","size":10,"sizes":[]}},"elements":[],"isInner":false,"widgetType":"spacer","elType":"widget"},{"id":"50d86d8","settings":{"image":{"url":"http:\/\/172.18.254.92\/wp-content\/uploads\/2021\/07\/logo8.png","id":81,"alt":"","source":"library"}},"elements":[],"isInner":false,"widgetType":"image","elType":"widget"},{"id":"7de2f897","settings":{"space":{"unit":"px","size":53,"sizes":[]}},"elements":[],"isInner":false,"widgetType":"spacer","elType":"widget"}],"isInner":true,"elType":"column"},{"id":"4ea87581","settings":{"_column_size":33,"_inline_size":null},"elements":[{"id":"624f81b0","settings":{"title":"Informa\u00e7\u00f5es","title_color":"#FFFFFF","typography_typography":"custom","typography_font_family":"Roboto","typography_font_size":{"unit":"px","size":23,"sizes":[]},"typography_font_weight":"600"},"elements":[],"isInner":false,"widgetType":"heading","elType":"widget"},{"id":"42fef428","settings":{"editor":"<p><strong>Endere\u00e7o:<\/strong><\/p><p>Endere\u00e7o Sede: Av. dos Holandeses, n\u00b0 04, Quadra 06, Edif\u00edcio Manhattan, Calhau S\u00e3o Lu\u00eds - Maranh\u00e3o CEP: 65071-380.<\/p>","text_color":"#FFFFFF"},"elements":[],"isInner":false,"widgetType":"text-editor","elType":"widget"}],"isInner":true,"elType":"column"},{"id":"71c2f8f0","settings":{"_column_size":33,"_inline_size":null},"elements":[{"id":"140da127","settings":{"space":{"unit":"px","size":27,"sizes":[]}},"elements":[],"isInner":false,"widgetType":"spacer","elType":"widget"},{"id":"1ae4edce","settings":{"editor":"<p><strong>Entre em contato:<\/strong><\/p>","align":"center","text_color":"#FFFFFF","_margin":{"unit":"px","top":"-7","right":"0","bottom":"0","left":"0","isLinked":false}},"elements":[],"isInner":false,"widgetType":"text-editor","elType":"widget"},{"id":"58277b05","settings":{"social_icon_list":[{"social_icon":{"value":"fab fa-facebook","library":"fa-brands"},"_id":"ca1a3da","item_icon_color":"custom","item_icon_primary_color":"#1FA84C","item_icon_secondary_color":"#DDDDDD"},{"social_icon":{"value":"fab fa-twitter","library":"fa-brands"},"_id":"ed94260","item_icon_color":"custom","item_icon_primary_color":"#1FA84C","item_icon_secondary_color":"#DDDDDD"},{"social_icon":{"value":"fab fa-instagram","library":"fa-brands"},"_id":"7929992","item_icon_color":"custom","item_icon_primary_color":"#1FA84C","item_icon_secondary_color":"#DDDDDD"}],"shape":"circle","icon_size":{"unit":"px","size":18,"sizes":[]}},"elements":[],"isInner":false,"widgetType":"social-icons","elType":"widget"}],"isInner":true,"elType":"column"}],"isInner":true,"elType":"section"}],"isInner":false,"elType":"column"}],"isInner":false,"elType":"section"},{"id":"197d41c9","settings":{"background_background":"classic","background_color":"#1C1C27"},"elements":[{"id":"73b5882","settings":{"_column_size":100,"_inline_size":null},"elements":[{"id":"3cd126e4","settings":{"editor":"<p>Todos os direitos reservados | F\u00f3rum Maranhense de Comit\u00eas de Bacias Hidrogr\u00e1ficas | 2021<\/p>","align":"center","text_color":"#FFFFFF78","typography_typography":"custom","typography_font_family":"Roboto","typography_font_size_mobile":{"unit":"px","size":10,"sizes":[]},"typography_font_weight":"300","_margin":{"unit":"px","top":"0","right":"0","bottom":"-17","left":"0","isLinked":false}},"elements":[],"isInner":false,"widgetType":"text-editor","elType":"widget"}],"isInner":false,"elType":"column"}],"isInner":false,"elType":"section"}],"page_settings":{"eael_ext_toc_title":"Table of Contents"},"version":"0.4","title":"sobre","type":"page"}